,Family,Taxa,Strain,Accession,Source
211564,AA17,Eukaryota,Achlya hypogyna ATCC 48635,AIG55788.1,ncbi
211565,AA17,Eukaryota,Achlya hypogyna ATCC 48635,AIG55787.1,ncbi
211566,AA17,Eukaryota,Achlya hypogyna ATCC 48635,AIG55790.1,ncbi
211567,AA17,Eukaryota,Achlya hypogyna ATCC 48635,AIG55793.1,ncbi
211568,AA17,Eukaryota,Achlya hypogyna ATCC 48635,AIG56266.1,ncbi
211569,AA17,Eukaryota,Achlya hypogyna ATCC 48635,AIG56201.1,ncbi
211570,AA17,Eukaryota,Albugo laibachii Nc14,CCA17179.1,ncbi
211571,AA17,Eukaryota,Albugo laibachii Nc14,CCA20830.1,ncbi
211572,AA17,Eukaryota,Albugo laibachii Nc14,CCA13926.1,ncbi
211573,AA17,Eukaryota,Peronospora effusa,UIZ27394.1,ncbi
211574,AA17,Eukaryota,Peronospora effusa,UIZ27392.1,ncbi
211575,AA17,Eukaryota,Peronospora effusa,UIZ28766.1,ncbi
211576,AA17,Eukaryota,Peronospora effusa,UIZ22002.1,ncbi
211577,AA17,Eukaryota,Peronospora effusa,UIZ24201.1,ncbi
211578,AA17,Eukaryota,Peronospora effusa,UIZ21835.1,ncbi
211579,AA17,Eukaryota,Peronospora effusa,UIZ21835.1,ncbi
211580,AA17,Eukaryota,Peronospora effusa,UIZ21835.1,ncbi
211581,AA17,Eukaryota,Peronospora effusa,UIZ21835.1,ncbi
211582,AA17,Eukaryota,Peronospora effusa,UIZ25176.1,ncbi
211583,AA17,Eukaryota,Peronospora effusa,UIZ24199.1,ncbi
211584,AA17,Eukaryota,Peronospora effusa,UIZ24199.1,ncbi
211585,AA17,Eukaryota,Peronospora effusa,UIZ26903.1,ncbi
211586,AA17,Eukaryota,Peronospora effusa,UIZ26907.1,ncbi
211587,AA17,Eukaryota,Peronospora effusa,UIZ26027.1,ncbi
211588,AA17,Eukaryota,Peronospora effusa,UIZ25173.1,ncbi
211589,AA17,Eukaryota,Peronospora effusa,UIZ26906.1,ncbi
211590,AA17,Eukaryota,Peronospora effusa,UIZ22004.1,ncbi
211591,AA17,Eukaryota,Phytophthora infestans T30-4,EEY68486.1,ncbi
211592,AA17,Eukaryota,Phytophthora infestans T30-4,EEY68485.1,ncbi
211593,AA17,Eukaryota,Phytophthora infestans T30-4,EEY68484.1,ncbi
211594,AA17,Eukaryota,Phytophthora infestans T30-4,KAF4046070.1,ncbi
211595,AA17,Eukaryota,Phytophthora parasitica,AHO49057.1,ncbi
211596,AA17,Eukaryota,Phytophthora parasitica,AHO49056.1,ncbi
211597,AA17,Eukaryota,Phytophthora sojae P6497,EGZ05859.1,ncbi
211598,AA17,Eukaryota,Phytophthora sojae P6497,EGZ05857.1,ncbi
211599,AA17,Eukaryota,Phytophthora sojae P6497,EGZ06330.1,ncbi
211600,AA17,Eukaryota,Phytophthora sojae P6497,EGZ06395.1,ncbi
211601,AA17,Eukaryota,Phytophthora sojae P6497,EGZ05556.1,ncbi
211602,AA17,Eukaryota,Phytophthora sojae P6497,EGZ08736.1,ncbi
211603,AA17,Eukaryota,Phytophthora sojae P6497,EGZ21314.1,ncbi
211604,AA17,Eukaryota,Phytophthora sojae P6497,EGZ08128.1,ncbi
211605,AA17,Eukaryota,Phytophthora sojae P6497,EGZ10738.1,ncbi
211606,AA17,Eukaryota,Phytophthora sojae P6497,EGZ17951.1,ncbi
211607,AA17,Eukaryota,Phytophthora sojae P6497,EGZ08733.1,ncbi
211608,AA17,Eukaryota,Phytophthora sojae P6497,EGZ08734.1,ncbi
211609,AA17,Eukaryota,Phytophthora sojae P6497,EGZ27343.1,ncbi
211610,AA17,Eukaryota,Phytophthora sojae P6497,EGZ04327.1,ncbi
211611,AA17,Eukaryota,Phytophthora sojae P6497,EGZ08739.1,ncbi
211612,AA17,Eukaryota,Phytophthora sojae P6497,EGZ10739.1,ncbi
211613,AA17,Eukaryota,Phytophthora sojae P6497,EGZ04492.1,ncbi
211614,AA17,Eukaryota,Phytophthora sojae P6497,EGZ08731.1,ncbi
211615,AA17,Eukaryota,Phytophthora sojae P6497,EGZ08727.1,ncbi
211616,AA17,Eukaryota,Phytophthora sojae P6497,EGZ08724.1,ncbi
211617,AA17,Eukaryota,Phytophthora sojae P6497,EGZ08730.1,ncbi
211618,AA17,Eukaryota,Phytophthora sojae P6497,EGZ08725.1,ncbi
211619,AA17,Eukaryota,Phytophthora sojae P6497,EGZ08732.1,ncbi
211620,AA17,Eukaryota,Phytophthora sojae P6497,EGZ08747.1,ncbi
211621,AA17,Eukaryota,Phytophthora sojae P6497,EGZ07231.1,ncbi
211622,AA17,Eukaryota,Phytophthora sojae P6497,EGZ27342.1,ncbi
211623,AA17,Eukaryota,Phytophthora sojae P6497,EGZ27341.1,ncbi
211624,AA17,Eukaryota,Phytophthora sojae P6497,EGZ04444.1,ncbi
211625,AA17,Eukaryota,Phytophthora sojae P6497,EGZ06334.1,ncbi
211626,AA17,Eukaryota,Phytophthora sojae P6497,EGZ21311.1,ncbi
211627,AA17,Eukaryota,Phytophthora sojae P6497,EGZ21313.1,ncbi
211628,AA17,Eukaryota,Phytophthora sojae P6497,EGZ21312.1,ncbi
211629,AA17,Eukaryota,Phytophthora sojae P6497,EGZ27274.1,ncbi
211630,AA17,Eukaryota,Phytophthora sojae P6497,EGZ27273.1,ncbi
211631,AA17,Eukaryota,Phytophthora sojae P6497,EGZ21309.1,ncbi
211632,AA17,Eukaryota,Phytophthora sojae P6497,EGZ23516.1,ncbi
211633,AA17,Eukaryota,Phytophthora sojae P6497,EGZ23520.1,ncbi
211634,AA17,Eukaryota,Phytophthora sojae P6497,EGZ23522.1,ncbi
211635,AA17,Eukaryota,Phytophthora sojae P6497,EGZ05552.1,ncbi
211636,AA17,Eukaryota,Phytophthora sojae P6497,EGZ07202.1,ncbi
211637,AA17,Eukaryota,Phytophthora sojae P6497,EGZ07203.1,ncbi
211638,AA17,Eukaryota,Phytophthora sojae P6497,EGZ05551.1,ncbi
211639,AA17,Eukaryota,Phytophthora sojae P6497,EGZ05560.1,ncbi
211640,AA17,Eukaryota,Phytophthora sojae P6497,EGZ05562.1,ncbi
211641,AA17,Eukaryota,Phytophthora sojae P6497,EGZ05561.1,ncbi
211700,AA17,Eukaryota,Plasmopara viticola,CCD28157.1,ncbi
211701,AA17,Eukaryota,Saprolegnia parasitica CBS 223.65,KDO27085.1,ncbi
211702,AA17,Eukaryota,Saprolegnia parasitica CBS 223.65,KDO26913.1,ncbi
211703,AA17,Eukaryota,Saprolegnia parasitica CBS 223.65,KDO30778.1,ncbi
211704,AA17,Eukaryota,Saprolegnia parasitica CBS 223.65,KDO29252.1,ncbi
211705,AA17,Eukaryota,Saprolegnia parasitica CBS 223.65,KDO29253.1,ncbi
211706,AA17,Eukaryota,Saprolegnia parasitica CBS 223.65,KDO27089.1,ncbi
211707,AA17,Eukaryota,Saprolegnia parasitica CBS 223.65,KDO27115.1,ncbi
211708,AA17,Eukaryota,Saprolegnia parasitica CBS 223.65,KDO27114.1,ncbi
211709,AA17,Eukaryota,Saprolegnia parasitica CBS 223.65,KDO29254.1,ncbi
211721,AA17,Eukaryota,Thraustotheca clavata ATCC 34112,AIG55448.1,ncbi
211722,AA17,Eukaryota,Thraustotheca clavata ATCC 34112,AIG55447.1,ncbi
211723,AA17,Eukaryota,Thraustotheca clavata ATCC 34112,AIG55491.1,ncbi
211724,AA17,Eukaryota,Thraustotheca clavata ATCC 34112,AIG55708.1,ncbi
858090,AA16,Eukaryota,Ascochyta rabiei,UPX19069.1,ncbi
858091,AA16,Eukaryota,Ascochyta rabiei,UPX18475.1,ncbi
858093,AA16,Eukaryota,Aspergillus aculeatus ATCC 16872,XP_020060743.1,ncbi
858108,AA16,Eukaryota,Aspergillus chevalieri M1,BCR86587.1,ncbi
858112,AA16,Eukaryota,Aspergillus flavus AF13,QMW47170.1,ncbi
858113,AA16,Eukaryota,Aspergillus flavus AF13,QMW47427.1,ncbi
858114,AA16,Eukaryota,Aspergillus flavus CA14,UDD64172.1,ncbi
858115,AA16,Eukaryota,Aspergillus flavus CA14,UDD64468.1,ncbi
858116,AA16,Eukaryota,Aspergillus flavus NRRL 3357,QRD91774.1,ncbi
858117,AA16,Eukaryota,Aspergillus flavus NRRL 3357,QRD91481.1,ncbi
858118,AA16,Eukaryota,Aspergillus flavus NRRL3357,QMW35365.1,ncbi
858119,AA16,Eukaryota,Aspergillus flavus NRRL3357,QMW35106.1,ncbi
858124,AA16,Eukaryota,Aspergillus fumigatus,CAF32158.1,ncbi
858125,AA16,Eukaryota,Aspergillus fumigatus,QLE11222.1,ncbi
858132,AA16,Eukaryota,Aspergillus luchuensis IFO 4308,BCR93324.1,ncbi
858133,AA16,Eukaryota,Aspergillus luchuensis RIB2601,BCS05968.1,ncbi
858137,AA16,Eukaryota,Aspergillus nidulans FGSC A4,EAA65420.1,ncbi
858140,AA16,Eukaryota,Aspergillus niger CBS 513.88,CAK37296.1,ncbi
858149,AA16,Eukaryota,Aspergillus oryzae RIB40,BAE64879.1,ncbi
858150,AA16,Eukaryota,Aspergillus oryzae RIB40,XP_003190813.1,ncbi
858161,AA16,Eukaryota,Aspergillus puulaauensis MK2,BCS28198.1,ncbi
858162,AA16,Eukaryota,Aspergillus puulaauensis MK2,BCS18392.1,ncbi
858209,AA16,Eukaryota,Botrytis cinerea B05.10,ATZ50322.1,ncbi
858210,AA16,Eukaryota,Botrytis cinerea T4,CCD53379.1,ncbi
858230,AA16,Eukaryota,Ceratobasidium sp. AG-Ba JN,QRV77450.1,ncbi
858231,AA16,Eukaryota,Ceratobasidium sp. AG-Ba JN,QRV99665.1,ncbi
858232,AA16,Eukaryota,Ceratobasidium sp. AG-Ba JN,QRV81934.1,ncbi
858233,AA16,Eukaryota,Ceratobasidium sp. AG-Ba JN,QRV92282.1,ncbi
858234,AA16,Eukaryota,Ceratobasidium sp. AG-Ba JN,QRV85634.1,ncbi
858235,AA16,Eukaryota,Ceratobasidium sp. AG-Ba LY,QRW06399.1,ncbi
858236,AA16,Eukaryota,Ceratobasidium sp. AG-Ba LY,QRW14202.1,ncbi
858237,AA16,Eukaryota,Ceratobasidium sp. AG-Ba LY,QRW10711.1,ncbi
858290,AA16,Eukaryota,Colletotrichum graminicola,WDK19363.1,ncbi
858291,AA16,Eukaryota,Colletotrichum graminicola,WDK14532.1,ncbi
858298,AA16,Eukaryota,Colletotrichum lupini IMI 504893,UQC91368.1,ncbi
858299,AA16,Eukaryota,Colletotrichum lupini IMI 504893,UQC86320.1,ncbi
858300,AA16,Eukaryota,Colletotrichum lupini IMI 504893,UQC79274.1,ncbi
858348,AA16,Eukaryota,Curvularia clavata yc1106,USP78722.1,ncbi
858398,AA16,Eukaryota,Fulvia fulva Race5_Kim,UJO20369.1,ncbi
858401,AA16,Eukaryota,Fusarium culmorum Class2-1B,QPC65560.1,ncbi
858402,AA16,Eukaryota,Fusarium falciforme Fu3.1,WAO88820.1,ncbi
858403,AA16,Eukaryota,Fusarium fujikuroi Augusto2,QGI93558.1,ncbi
858404,AA16,Eukaryota,Fusarium fujikuroi CSV1,QGI62665.1,ncbi
858405,AA16,Eukaryota,Fusarium fujikuroi I1.3,QGI79830.1,ncbi
858406,AA16,Eukaryota,Fusarium fujikuroi IMI 58289,CCT66471.1,ncbi
858408,AA16,Eukaryota,Fusarium graminearum,CZS72147.1,ncbi
858409,AA16,Eukaryota,Fusarium graminearum PH-1,CEF84218.1,ncbi
858429,AA16,Eukaryota,Fusarium oxysporum Fo47,QKD50697.1,ncbi
858438,AA16,Eukaryota,Fusarium pseudograminearum Class2-1C,QPC74432.1,ncbi
858439,AA16,Eukaryota,Fusarium pseudograminearum Fp22-2,UZP43587.1,ncbi
858442,AA16,Eukaryota,Fusarium solani-melongenae CRI 24-3,UPK89094.1,ncbi
858446,AA16,Eukaryota,Fusarium venenatum A3/5,CEI38513.1,ncbi
858462,AA16,Eukaryota,Histoplasma capsulatum WU24,QSS64155.1,ncbi
858561,AA16,Eukaryota,Monilinia vaccinii-corymbosi RL-1,QSZ37621.1,ncbi
858609,AA16,Eukaryota,Parastagonospora nodorum SN15,QRC97227.1,ncbi
858610,AA16,Eukaryota,Parastagonospora nodorum SN15,QRC94735.1,ncbi
858621,AA16,Eukaryota,Penicillium digitatum PdW03,QQK41921.1,ncbi
858625,AA16,Eukaryota,Penicillium rubens Wisconsin 54-1255,CAP93974.1,ncbi
858671,AA16,Eukaryota,Plenodomus lingam JN3 isolate M1,CBX89947.1,ncbi
858675,AA16,Eukaryota,Podospora anserina S mat+,CAP65805.1,ncbi
858676,AA16,Eukaryota,Podospora anserina S mat+,CDP32864.1,ncbi
858680,AA16,Eukaryota,Podospora comata,VBB87351.1,ncbi
858707,AA16,Eukaryota,Pyrenophora teres f. teres,CAE7199973.1,ncbi
858708,AA16,Eukaryota,Pyrenophora teres f. teres,CAE6998731.1,ncbi
858711,AA16,Eukaryota,Pyricularia oryzae,QBZ56194.1,ncbi
858712,AA16,Eukaryota,Pyricularia oryzae,QBZ63108.1,ncbi
858713,AA16,Eukaryota,Pyricularia oryzae,QBZ58177.1,ncbi
858714,AA16,Eukaryota,Pyricularia oryzae 70-15,EHA51809.1,ncbi
858715,AA16,Eukaryota,Pyricularia oryzae 70-15,EHA54539.1,ncbi
858716,AA16,Eukaryota,Pyricularia oryzae 70-15,EHA49277.1,ncbi
858717,AA16,Eukaryota,Pyricularia oryzae 70-15,XP_003711616.1,ncbi
858718,AA16,Eukaryota,Pyricularia oryzae 70-15,XP_003718861.1,ncbi
858719,AA16,Eukaryota,Pyricularia oryzae 70-15,XP_003714346.1,ncbi
858727,AA16,Eukaryota,Rhizoctonia solani AG-1 IA,QRW20053.1,ncbi
858728,AA16,Eukaryota,Rhizoctonia solani AG-1 IA,QRW23131.1,ncbi
858729,AA16,Eukaryota,Rhizoctonia solani AG-1 IA,QRW23327.1,ncbi
858747,AA16,Eukaryota,Sclerotinia sclerotiorum 1980 UF-70,APA09519.1,ncbi
858749,AA16,Eukaryota,Septoria linicola SE15195,USW55650.1,ncbi
858751,AA16,Eukaryota,Serendipita indica DSM 11827,CCA75257.1,ncbi
858758,AA16,Eukaryota,Sordaria macrospora SN1693,WPJ64564.1,ncbi
858759,AA16,Eukaryota,Sordaria macrospora SN1693,WPJ66805.1,ncbi
858782,AA16,Eukaryota,Thermothelomyces thermophilus ATCC 42464,AEO61261.1,ncbi
858783,AA16,Eukaryota,Thermothelomyces thermophilus ATCC 42464,AEO58740.1,ncbi
858784,AA16,Eukaryota,Thermothelomyces thermophilus ATCC 42464,AEO60424.1,ncbi
858785,AA16,Eukaryota,Thermothielavioides terrestris NRRL 8126,AEO71000.1,ncbi
858786,AA16,Eukaryota,Thermothielavioides terrestris NRRL 8126,XP_003657336.1,ncbi
858801,AA16,Eukaryota,Venturia effusa albino,QDS73218.1,ncbi
858802,AA16,Eukaryota,Venturia effusa albino,QDS75289.1,ncbi
858826,AA16,Eukaryota,Xanthophyllomyces dendrorhous,CED82808.1,ncbi
858827,AA16,Eukaryota,Xanthophyllomyces dendrorhous,CED83480.1,ncbi
982695,AA15,Eukaryota,Thalassiosira pseudonana CCMP1335,EED87892.1,ncbi
982216,AA15,Eukaryota,Bemisia tabaci,CAH0753331.1,ncbi
982159,AA15,Eukaryota,Achlya hypogyna ATCC 48635,AIG56411.1,ncbi
982404,AA15,Eukaryota,Hermetia illucens,CAD7093331.1,ncbi
982590,AA15,Eukaryota,Salpingoeca rosetta ATCC 50818,EGD80827.1,ncbi
982555,AA15,Viruses,Paramecium bursaria Chlorella virus MA-1E,AGE55295.1,ncbi
982519,AA15,Eukaryota,Oikopleura dioica,CBY40717.1,ncbi
982675,AA15,Eukaryota,Tetradesmus obliquus DOE0152z,WIA36827.1,ncbi
982229,AA15,Eukaryota,Caligus rogercresseyi,QQP38954.1,ncbi
982157,AA15,Eukaryota,Achlya hypogyna ATCC 48635,AIG56126.1,ncbi
982311,AA15,Eukaryota,Drosophila busckii,ALC47947.1,ncbi
982626,AA15,Eukaryota,Spodoptera exigua,CAH0701551.1,ncbi
982277,AA15,Eukaryota,Cordylochernes scorpioides,UYV73625.1,ncbi
982634,AA15,Eukaryota,Stegodyphus mimosarum,KFM69291.1,ncbi
982463,AA15,Eukaryota,Monoraphidium neglectum SAG 48.87,KIZ02388.1,ncbi
982536,AA15,Viruses,Paramecium bursaria Chlorella virus AN69C,AGE48478.1,ncbi
982508,AA15,Eukaryota,Octopus bimaculoides,KOF97986.1,ncbi
982654,AA15,Eukaryota,Tetradesmus obliquus DOE0152z,WIA38761.1,ncbi
982668,AA15,Eukaryota,Tetradesmus obliquus DOE0152z,WIA36823.1,ncbi
982490,AA15,Eukaryota,Mya arenaria,WAQ93742.1,ncbi
982413,AA15,Eukaryota,Lepeophtheirus salmonis IoA-00,CAB4054240.1,ncbi
982659,AA15,Eukaryota,Tetradesmus obliquus DOE0152z,WIA32798.1,ncbi
982553,AA15,Viruses,Paramecium bursaria Chlorella virus KS1B,AGE54581.1,ncbi
982539,AA15,Viruses,Paramecium bursaria Chlorella virus Can18-4,AGE49972.1,ncbi
982538,AA15,Viruses,Paramecium bursaria Chlorella virus AR158,ABU43968.1,ncbi
982500,AA15,Eukaryota,Neodiprion lecontei,XP_015518735.1,ncbi
982156,AA15,Eukaryota,Achlya hypogyna ATCC 48635,AIG56032.1,ncbi
982499,AA15,Eukaryota,Nematostella vectensis CH2 x CH6,EDO39394.1,ncbi
982224,AA15,Eukaryota,Brenthis ino,CAH0725499.1,ncbi
982433,AA15,Eukaryota,Lottia gigantea,ESO86389.1,ncbi
982616,AA15,Eukaryota,Sarcoptes scabiei,UXI16116.1,ncbi
982263,AA15,Eukaryota,Chondrus crispus Stackhouse,CDF33108.1,ncbi
982407,AA15,Eukaryota,Iphiclides podalirius,CAH2052837.1,ncbi
982706,AA15,Eukaryota,Tribolium castaneum Georgia GA2,EFA07371.1,ncbi
982482,AA15,Eukaryota,Mya arenaria,WAR15564.1,ncbi
982544,AA15,Viruses,Paramecium bursaria Chlorella virus CVM-1,AGE51978.1,ncbi
982299,AA15,Eukaryota,Daphnia pulex,EFX65039.1,ncbi
982556,AA15,Viruses,Paramecium bursaria chlorella virus MT325,ABT14255.1,ncbi
982168,AA15,Eukaryota,Adineta vaga,UJR32265.1,ncbi
982707,AA15,Eukaryota,Tribolium castaneum Georgia GA2,EFA07372.2,ncbi
982400,AA15,Eukaryota,Hermetia illucens,CAD7093491.1,ncbi
982582,AA15,Eukaryota,Pinctada fucata,JAS03617.1,ncbi
982220,AA15,Eukaryota,Brassicogethes aeneus,CAH0551842.1,ncbi
982641,AA15,Eukaryota,Tetradesmus obliquus DOE0152z,WIA23393.1,ncbi
982487,AA15,Eukaryota,Mya arenaria,WAR07346.1,ncbi
982488,AA15,Eukaryota,Mya arenaria,WAR08563.1,ncbi
982149,AA15,Viruses,Acanthocystis turfacea Chlorella virus NTS-1,AGE57661.1,ncbi
982245,AA15,Eukaryota,Chironomus riparius,CAG9806776.1,ncbi
982270,AA15,Eukaryota,Colias eurytheme,CAG4932085.1,ncbi
982574,AA15,Eukaryota,Phaedon cochleariae,CAH1163501.1,ncbi
982274,AA15,Eukaryota,Coptotermes gestroi,QSC42439.1,ncbi
982236,AA15,Eukaryota,Ceutorhynchus assimilis,CAG9770059.1,ncbi
982374,AA15,Eukaryota,Emiliania huxleyi CCMP1516,EOD34344.1,ncbi
982343,AA15,Eukaryota,Ectocarpus siliculosus Ec 32,CBN74730.1,ncbi
982196,AA15,Eukaryota,Aphanomyces astaci APO3,ETV74390.1,ncbi
982586,AA15,Eukaryota,Psylliodes chrysocephala,CAH1114090.1,ncbi
982428,AA15,Eukaryota,Limulus polyphemus,XP_013785524.1,ncbi
982514,AA15,Eukaryota,Octopus vulgaris,CAI9736987.1,ncbi
982549,AA15,Viruses,Paramecium bursaria Chlorella virus FR483,ABT15975.1,ncbi
982578,AA15,Eukaryota,Phallusia mammillata,CAB3263129.1,ncbi
982643,AA15,Eukaryota,Tetradesmus obliquus DOE0152z,WIA17809.1,ncbi
982206,AA15,Eukaryota,Aplysia californica,XP_012935816.1,ncbi
982347,AA15,Eukaryota,Ectocarpus siliculosus Ec 32,CBJ30739.1,ncbi
982286,AA15,Eukaryota,Crassostrea gigas 05x7-T-G4-1.051#20,EKC19688.1,ncbi
982497,AA15,Eukaryota,Nematostella vectensis CH2 x CH6,EDO33422.1,ncbi
982697,AA15,Eukaryota,Thermobia domestica,SIW61372.1,ncbi
982546,AA15,Viruses,Paramecium bursaria Chlorella virus CvsA1,AGE52532.1,ncbi
982232,AA15,Eukaryota,Capitella teleta I ESC-2004,ELT88524.1,ncbi
982627,AA15,Eukaryota,Spodoptera exigua,CAH0696665.1,ncbi
982293,AA15,Eukaryota,Cyphomyrmex costatus,KYM98313.1,ncbi
982708,AA15,Eukaryota,Tribolium castaneum Georgia GA2,EFA07375.2,ncbi
982289,AA15,Eukaryota,Crepidula fornicata,UTK45785.1,ncbi
982478,AA15,Eukaryota,Mya arenaria,WAR03973.1,ncbi
982148,AA15,Viruses,Acanthocystis turfacea Chlorella virus NE-JV-3,AGE56970.1,ncbi
982160,AA15,Eukaryota,Acromyrmex echinatior,EGI60760.1,ncbi
982319,AA15,Eukaryota,Drosophila melanogaster,EFA98704.1,ncbi
982600,AA15,Eukaryota,Saprolegnia parasitica CBS 223.65,KDO33855.1,ncbi
982334,AA15,Eukaryota,Ectocarpus siliculosus Ec 32,CBN77503.1,ncbi
982392,AA15,Eukaryota,Harpegnathos saltator R22 G/1,EFN81701.1,ncbi
982278,AA15,Eukaryota,Cordylochernes scorpioides,UYV73624.1,ncbi
982181,AA15,Eukaryota,Aphanomyces astaci APO3,ETV63929.1,ncbi
982295,AA15,Eukaryota,Cyprideis torosa,CAD7228575.1,ncbi
982674,AA15,Eukaryota,Tetradesmus obliquus DOE0152z,WIA36831.1,ncbi
982314,AA15,Eukaryota,Drosophila melanogaster,AAF55754.1,ncbi
982522,AA15,Eukaryota,Oikopleura dioica,CBY36699.1,ncbi
982647,AA15,Eukaryota,Tetradesmus obliquus DOE0152z,WIA07998.1,ncbi
982386,AA15,Eukaryota,Exaiptasia pallida,KXJ07708.1,ncbi
982602,AA15,Eukaryota,Saprolegnia parasitica CBS 223.65,KDO22779.1,ncbi
982244,AA15,Eukaryota,Chironomus riparius,CAG9800094.1,ncbi
982484,AA15,Eukaryota,Mya arenaria,WAR18884.1,ncbi
982205,AA15,Eukaryota,Aphanomyces astaci APO3,ETV75325.1,ncbi
982300,AA15,Eukaryota,Daphnia pulex,EFX67471.1,ncbi
982394,AA15,Eukaryota,Helicosporidium sp. ATCC 50920,KDD72986.1,ncbi
982551,AA15,Viruses,Paramecium bursaria Chlorella virus IL-3A,AGE53887.1,ncbi
982661,AA15,Eukaryota,Tetradesmus obliquus DOE0152z,WIA16618.1,ncbi
982543,AA15,Viruses,Paramecium bursaria Chlorella virus CviKI,AGE51512.1,ncbi
982176,AA15,Eukaryota,Aphanomyces astaci APO3,ETV65580.1,ncbi
982411,AA15,Eukaryota,Lepeophtheirus salmonis IoA-00,CAB4065084.1,ncbi
982283,AA15,Eukaryota,Crassostrea gigas 05x7-T-G4-1.051#20,EKC39661.1,ncbi
982580,AA15,Eukaryota,Phyllotreta striolata,CAH1187066.1,ncbi
982267,AA15,Eukaryota,Chrysodeixis includens,CAH0604971.1,ncbi
982151,AA15,Viruses,Acanthocystis turfacea Chlorella virus TN603.4.2,AGE59761.1,ncbi
982396,AA15,Eukaryota,Hermetia illucens,CAD7090791.1,ncbi
982530,AA15,Eukaryota,Papilio machaon,KPJ12980.1,ncbi
982388,AA15,Eukaryota,Exaiptasia pallida,KXJ11431.1,ncbi
982290,AA15,Eukaryota,Crepidula fornicata,UTK45813.1,ncbi
982154,AA15,Eukaryota,Achlya hypogyna ATCC 48635,AIG55964.1,ncbi
982702,AA15,Eukaryota,Timema shepardi,CAD7258848.1,ncbi
982211,AA15,Eukaryota,Auxenochlorella protothecoides,JAT70732.1,ncbi
982376,AA15,Eukaryota,Emiliania huxleyi CCMP1516,EOD21789.1,ncbi
982535,AA15,Viruses,Paramecium bursaria Chlorella virus 1,AAC96700.2,ncbi
982629,AA15,Eukaryota,Spodoptera exigua,CAH0694796.1,ncbi
982241,AA15,Eukaryota,Chilo suppressalis,CAH0685922.1,ncbi
982242,AA15,Eukaryota,Chilo suppressalis,CAH0692153.1,ncbi
982436,AA15,Eukaryota,Lottia gigantea,ESO86390.1,ncbi
982506,AA15,Eukaryota,Notodromas monacha,CAD7285051.1,ncbi
982594,AA15,Eukaryota,Saprolegnia diclina VS20,EQC26015.1,ncbi
982180,AA15,Eukaryota,Aphanomyces astaci APO3,ETV65578.1,ncbi
982462,AA15,Eukaryota,Mamestra configurata,AEA76329.1,ncbi
982228,AA15,Eukaryota,Caligus rogercresseyi,QQP41932.1,ncbi
982340,AA15,Eukaryota,Ectocarpus siliculosus Ec 32,CBJ32866.1,ncbi
982371,AA15,Eukaryota,Emiliania huxleyi CCMP1516,EOD08224.1,ncbi
982186,AA15,Eukaryota,Aphanomyces astaci APO3,ETV73257.1,ncbi
982142,AA15,Viruses,Acanthocystis turfacea Chlorella virus Can0610SP,AGE49492.1,ncbi
982222,AA15,Eukaryota,Brenthis ino,CAH0722015.1,ncbi
982534,AA15,Eukaryota,Papilio xuthus,KPI99104.1,ncbi
982198,AA15,Eukaryota,Aphanomyces astaci APO3,ETV74392.1,ncbi
982619,AA15,Eukaryota,Sphaeroforma arctica JP610,KNC82635.1,ncbi
982481,AA15,Eukaryota,Mya arenaria,WAR15612.1,ncbi
982260,AA15,Eukaryota,Chondrus crispus Stackhouse,CDF36803.1,ncbi
982631,AA15,Eukaryota,Spodoptera littoralis,CAH1639339.1,ncbi
982431,AA15,Eukaryota,Locusta migratoria,ULK74034.1,ncbi
982301,AA15,Eukaryota,Daphnia pulex,EFX81690.1,ncbi
982716,AA15,Eukaryota,Zootermopsis nevadensis,KDR22451.1,ncbi
982562,AA15,Viruses,Paramecium bursaria Chlorella virus NYs1,AGE58755.1,ncbi
982171,AA15,Eukaryota,Aedes aegypti Liverpool,EAT34578.1,ncbi
982663,AA15,Eukaryota,Tetradesmus obliquus DOE0152z,WIA16617.1,ncbi
982469,AA15,Eukaryota,Mya arenaria,WAR31600.1,ncbi
982571,AA15,Eukaryota,Perkinsus marinus ATCC 50983,EER09491.1,ncbi
982385,AA15,Eukaryota,Eufriesea mexicana,OAD52711.1,ncbi
982412,AA15,Eukaryota,Lepeophtheirus salmonis IoA-00,CAF2951899.1,ncbi
982150,AA15,Viruses,Acanthocystis turfacea Chlorella virus OR0704.3,AGE59422.1,ncbi
982170,AA15,Eukaryota,Adineta vaga,UJR14528.1,ncbi
982421,AA15,Eukaryota,Leptidea sinapis,VUZ00448.1,ncbi
982235,AA15,Eukaryota,Cerapachys biroi,EZA54026.1,ncbi
982209,AA15,Eukaryota,Aureococcus anophagefferens CCMP1984,EGB11218.1,ncbi
982141,AA15,Viruses,Acanthocystis turfacea Chlorella virus Br0604L,AGE49160.1,ncbi
982346,AA15,Eukaryota,Ectocarpus siliculosus Ec 32,CBJ32867.1,ncbi
982632,AA15,Eukaryota,Spodoptera littoralis,CAH1639338.1,ncbi
982645,AA15,Eukaryota,Tetradesmus obliquus DOE0152z,WIA12640.1,ncbi
982332,AA15,Eukaryota,Ectocarpus siliculosus Ec 32,CBN74220.1,ncbi
982323,AA15,Eukaryota,Drosophila melanogaster,AAF55752.2,ncbi
982655,AA15,Eukaryota,Tetradesmus obliquus DOE0152z,WIA43872.1,ncbi
982204,AA15,Eukaryota,Aphanomyces astaci APO3,ETV74396.1,ncbi
982529,AA15,Eukaryota,Ostrinia furnacalis,URW63958.1,ncbi
982143,AA15,Viruses,Acanthocystis turfacea Chlorella virus Canal-1,AGE50177.1,ncbi
982520,AA15,Eukaryota,Oikopleura dioica,CBY09167.1,ncbi
982262,AA15,Eukaryota,Chondrus crispus Stackhouse,CDF33967.1,ncbi
982599,AA15,Eukaryota,Saprolegnia parasitica CBS 223.65,KDO18683.1,ncbi
982339,AA15,Eukaryota,Ectocarpus siliculosus Ec 32,CBN80457.1,ncbi
982291,AA15,Eukaryota,Culex quinquefasciatus JHB,EDS42348.1,ncbi
982646,AA15,Eukaryota,Tetradesmus obliquus DOE0152z,WIA10586.1,ncbi
982401,AA15,Eukaryota,Hermetia illucens,CAD7093492.1,ncbi
982294,AA15,Eukaryota,Cyprideis torosa,CAD7226952.1,ncbi
982698,AA15,Eukaryota,Thermobia domestica,SIW61373.2,ncbi
982399,AA15,Eukaryota,Hermetia illucens,CAD7092479.1,ncbi
982145,AA15,Viruses,Acanthocystis turfacea Chlorella virus MN0810.1,AGE55658.1,ncbi
982496,AA15,Eukaryota,Mya arenaria,WAQ96789.1,ncbi
982649,AA15,Eukaryota,Tetradesmus obliquus DOE0152z,WIA21942.1,ncbi
982199,AA15,Eukaryota,Aphanomyces astaci APO3,ETV74393.1,ncbi
982221,AA15,Eukaryota,Brenthis ino,CAH0713546.1,ncbi
982660,AA15,Eukaryota,Tetradesmus obliquus DOE0152z,WIA18374.1,ncbi
982479,AA15,Eukaryota,Mya arenaria,WAR03976.1,ncbi
982587,AA15,Eukaryota,Psylliodes chrysocephala,CAH1114127.1,ncbi
982477,AA15,Eukaryota,Mya arenaria,WAR00150.1,ncbi
982261,AA15,Eukaryota,Chondrus crispus Stackhouse,CDF37082.1,ncbi
982517,AA15,Eukaryota,Octopus vulgaris,CAI9725955.1,ncbi
982526,AA15,Eukaryota,Oikopleura dioica,CAG5098407.1,ncbi
982191,AA15,Eukaryota,Aphanomyces astaci APO3,ETV71343.1,ncbi
982305,AA15,Eukaryota,Diabrotica balteata,CAH1280807.1,ncbi
982523,AA15,Eukaryota,Oikopleura dioica,CAG5102757.1,ncbi
982575,AA15,Eukaryota,Phaedon cochleariae,CAG9819113.1,ncbi
982336,AA15,Eukaryota,Ectocarpus siliculosus Ec 32,CBN77564.1,ncbi
982210,AA15,Eukaryota,Auxenochlorella protothecoides,JAT72586.1,ncbi
982624,AA15,Eukaryota,Sphaeroforma arctica JP610,KNC77247.1,ncbi
982182,AA15,Eukaryota,Aphanomyces astaci APO3,ETV82190.1,ncbi
982531,AA15,Eukaryota,Papilio machaon,KPJ07811.1,ncbi
982203,AA15,Eukaryota,Aphanomyces astaci APO3,ETV73258.1,ncbi
982276,AA15,Eukaryota,Cordylochernes scorpioides,UYV73627.1,ncbi
982195,AA15,Eukaryota,Aphanomyces astaci APO3,ETV74389.1,ncbi
982189,AA15,Eukaryota,Aphanomyces astaci APO3,ETV68872.1,ncbi
982292,AA15,Eukaryota,Culex quinquefasciatus JHB,EDS39762.1,ncbi
982298,AA15,Eukaryota,Daphnia pulex,EFX74851.1,ncbi
982197,AA15,Eukaryota,Aphanomyces astaci APO3,ETV74391.1,ncbi
982493,AA15,Eukaryota,Mya arenaria,WAR03583.1,ncbi
982635,AA15,Eukaryota,Stegodyphus mimosarum,KFM67820.1,ncbi
982583,AA15,Eukaryota,Pinctada martensii,AIF72920.1,ncbi
982545,AA15,Viruses,Paramecium bursaria Chlorella virus CVR-1,AGE52315.1,ncbi
982426,AA15,Eukaryota,Leptidea sinapis,VUY94599.1,ncbi
982516,AA15,Eukaryota,Octopus vulgaris,CAI9736189.1,ncbi
2066214,AA9,Eukaryota,Podospora comata,VBB83529.1,ncbi
2068250,AA9,Eukaryota,Trichoderma reesei QM6A,AAP57753.1,ncbi
2059091,AA9,Eukaryota,Botrytis cinerea B05.10,ATZ51291.1,ncbi
2064898,AA9,Eukaryota,Neurospora crassa OR74A,EAA26656.1,ncbi
2061853,AA9,Eukaryota,Fusarium falciforme Fu3.1,WAO88959.1,ncbi
2067929,AA9,Eukaryota,Thermothelomyces thermophilus ATCC 42464,AEO56665.1,ncbi
2064553,AA9,Eukaryota,Monilinia vaccinii-corymbosi RL-1,QSZ29936.1,ncbi
2059360,AA9,Eukaryota,Ceratobasidium sp. AG-Ba JN,QRV79835.1,ncbi
2066715,AA9,Eukaryota,Pyricularia oryzae,QBZ61147.1,ncbi
2066093,AA9,Eukaryota,Podospora anserina S mat+,CDP24603.1,ncbi
2060922,AA9,Eukaryota,Curvularia clavata yc1106,USP74617.1,ncbi
2066211,AA9,Eukaryota,Podospora comata,VBB75207.1,ncbi
2058335,AA9,Eukaryota,Aspergillus flavus AF13,QMW48129.1,ncbi
2061840,AA9,Eukaryota,Fusarium culmorum Class2-1B,QPC60049.1,ncbi
2059326,AA9,Eukaryota,Ceratobasidium sp. AG-Ba JN,QRV81123.1,ncbi
2066065,AA9,Eukaryota,Pleurotus ostreatus,UPO25267.1,ncbi
2066216,AA9,Eukaryota,Podospora comata,VBB75800.1,ncbi
2067953,AA9,Eukaryota,Thermothielavioides terrestris NRRL 8126,AEO67396.1,ncbi
2058465,AA9,Eukaryota,Aspergillus nidulans FGSC A4,EAA65609.1,ncbi
2066007,AA9,Eukaryota,Plenodomus lingam JN3 isolate M1,CBY01257.1,ncbi
2062287,AA9,Eukaryota,Fusarium solani-melongenae CRI 24-3,UPK96482.1,ncbi
2067254,AA9,Eukaryota,Scytalidium indonesiacum CBS 259.81,CCP37676.1,ncbi
2066725,AA9,Eukaryota,Pyricularia oryzae,QBZ57806.1,ncbi
2064551,AA9,Eukaryota,Monilinia vaccinii-corymbosi RL-1,QSZ36352.1,ncbi
2059405,AA9,Eukaryota,Ceratobasidium sp. AG-Ba LY,QRW10245.1,ncbi
2066208,AA9,Eukaryota,Podospora comata,VBB82131.1,ncbi
2060930,AA9,Eukaryota,Curvularia clavata yc1106,USP81830.1,ncbi
2064915,AA9,Eukaryota,Neurospora crassa OR74A,EAA29132.1,ncbi
2059395,AA9,Eukaryota,Ceratobasidium sp. AG-Ba LY,QRW02341.1,ncbi
2066087,AA9,Eukaryota,Podospora anserina S mat+,CDP30272.1,ncbi
2060934,AA9,Eukaryota,Curvularia clavata yc1106,USP78656.1,ncbi
2061849,AA9,Eukaryota,Fusarium falciforme Fu3.1,WAO95427.1,ncbi
2061847,AA9,Eukaryota,Fusarium falciforme Fu3.1,WAO94491.1,ncbi
2066136,AA9,Eukaryota,Podospora anserina S mat+,CAP71532.1,ncbi
2067018,AA9,Eukaryota,Rhizophlyctis rosea,AWM99274.1,ncbi
2059358,AA9,Eukaryota,Ceratobasidium sp. AG-Ba JN,QRV95908.1,ncbi
2062135,AA9,Eukaryota,Fusarium oxysporum Fo47,QKD60734.1,ncbi
2059089,AA9,Eukaryota,Botrytis cinerea,UKQ11957.1,ncbi
2060142,AA9,Eukaryota,Colletotrichum graminicola,WDK21116.1,ncbi
2065110,AA9,Eukaryota,Orbilia oligospora ATCC 24927,EGX45639.1,ncbi
2062249,AA9,Eukaryota,Fusarium pseudograminearum Fp22-2,UZP40431.1,ncbi
2062338,AA9,Eukaryota,Fusarium venenatum A3/5,CEI66496.1,ncbi
2058616,AA9,Eukaryota,Aspergillus puulaauensis MK2,BCS23453.1,ncbi
2059396,AA9,Eukaryota,Ceratobasidium sp. AG-Ba LY,QRW02106.1,ncbi
2066777,AA9,Eukaryota,Pyricularia oryzae 70-15,XP_003716689.1,ncbi
2068348,AA9,Eukaryota,Venturia effusa albino,QDS75016.1,ncbi
2057475,AA9,Eukaryota,Agaricus bisporus D649,AAA53434.1,ncbi
2067932,AA9,Eukaryota,Thermothelomyces thermophilus ATCC 42464,AEO59482.1,ncbi
2068506,AA9,Eukaryota,Volvariella volvacea V14,AAT64005.1,ncbi
2066227,AA9,Eukaryota,Podospora comata,VBB73826.1,ncbi
2062243,AA9,Eukaryota,Fusarium pseudograminearum Class2-1C,QPC71348.1,ncbi
2059338,AA9,Eukaryota,Ceratobasidium sp. AG-Ba JN,QRV96698.1,ncbi
2065099,AA9,Eukaryota,Orbilia oligospora ATCC 24927,EGX53143.1,ncbi
2067418,AA9,Eukaryota,Sordaria brevicollis,QWT72333.1,ncbi
2065585,AA9,Eukaryota,Pestalotiopsis sp. NCi6,ANB32140.1,ncbi
2058305,AA9,Eukaryota,Aspergillus chevalieri M1,BCR86022.1,ncbi
2061856,AA9,Eukaryota,Fusarium falciforme Fu3.1,WAO88887.1,ncbi
2066202,AA9,Eukaryota,Podospora comata,VBB81975.1,ncbi
2059371,AA9,Eukaryota,Ceratobasidium sp. AG-Ba JN,QRV73059.1,ncbi
2058359,AA9,Eukaryota,Aspergillus flavus NRRL3357,QMW36069.1,ncbi
2061949,AA9,Eukaryota,Fusarium graminearum PH-1,CEF85876.1,ncbi
2062143,AA9,Eukaryota,Fusarium oxysporum Fo47,QKD52522.1,ncbi
2065109,AA9,Eukaryota,Orbilia oligospora ATCC 24927,EGX46140.1,ncbi
2062453,AA9,Eukaryota,Gelatoporia subvermispora,QHX39627.1,ncbi
2066052,AA9,Eukaryota,Pleurotus ostreatus,UPO25277.1,ncbi
2065107,AA9,Eukaryota,Orbilia oligospora ATCC 24927,EGX47430.1,ncbi
2066092,AA9,Eukaryota,Podospora anserina S mat+,CAP67190.1,ncbi
2061879,AA9,Eukaryota,Fusarium fujikuroi CSV1,QGI69969.1,ncbi
2058550,AA9,Eukaryota,Aspergillus oryzae RIB40,BAE58643.1,ncbi
2060239,AA9,Eukaryota,Colletotrichum lupini IMI 504893,UQC90784.1,ncbi
2058182,AA9,Eukaryota,Ascochyta rabiei,UPX20188.1,ncbi
2062244,AA9,Eukaryota,Fusarium pseudograminearum Class2-1C,QPC73034.1,ncbi
2065343,AA9,Eukaryota,Parastagonospora nodorum SN15,QRC90688.1,ncbi
2067912,AA9,Eukaryota,Thermochaetoides thermophila CT2,AGY80104.1,ncbi
2067239,AA9,Eukaryota,Sclerotinia sclerotiorum 1980 UF-70,APA12064.1,ncbi
2066874,AA9,Eukaryota,Rhizoctonia solani AG-1 IA,QRW20354.1,ncbi
2065122,AA9,Eukaryota,Orbilia oligospora ATCC 24927,EGX44929.1,ncbi
2066013,AA9,Eukaryota,Plenodomus lingam JN3 isolate M1,CBX94572.1,ncbi
2065482,AA9,Eukaryota,Penicillium oxalicum GZ-2,AIO06742.1,ncbi
2064906,AA9,Eukaryota,Neurospora crassa OR74A,XP_325016.1,ncbi
2060217,AA9,Eukaryota,Colletotrichum lupini IMI 504893,UQC81698.1,ncbi
2066203,AA9,Eukaryota,Podospora comata,VBB79669.1,ncbi
2066212,AA9,Eukaryota,Podospora comata,VBB82113.1,ncbi
2067455,AA9,Eukaryota,Sordaria macrospora SN1693,WPJ61051.1,ncbi
2059325,AA9,Eukaryota,Ceratobasidium sp. AG-Ba JN,QRV87928.1,ncbi
2066043,AA9,Eukaryota,Pleurotus djamor,QYF11366.1,ncbi
2065353,AA9,Eukaryota,Parastagonospora nodorum SN15,QRC91375.1,ncbi
2068253,AA9,Eukaryota,Trichoderma reesei QM6A,ACR92640.1,ncbi
2066666,AA9,Eukaryota,Pyrenophora teres f. teres,CAE7022582.1,ncbi
2066717,AA9,Eukaryota,Pyricularia oryzae,QBZ58678.1,ncbi
2061836,AA9,Eukaryota,Fusarium culmorum Class2-1B,QPC57785.1,ncbi
2066774,AA9,Eukaryota,Pyricularia oryzae 70-15,XP_003709110.1,ncbi
2067940,AA9,Eukaryota,Thermothelomyces thermophilus ATCC 42464,AEO54509.1,ncbi
2058327,AA9,Eukaryota,Aspergillus fischeri NRRL 181,EAW22610.1,ncbi
2061866,AA9,Eukaryota,Fusarium fujikuroi Augusto2,QGJ00858.1,ncbi
2060232,AA9,Eukaryota,Colletotrichum lupini IMI 504893,UQC75626.1,ncbi
2059391,AA9,Eukaryota,Ceratobasidium sp. AG-Ba LY,QRW06740.1,ncbi
2066840,AA9,Eukaryota,Rasamsonia byssochlamydoides CBS 151.75,CCP37669.1,ncbi
2066056,AA9,Eukaryota,Pleurotus ostreatus,UPO25283.1,ncbi
2058435,AA9,Eukaryota,Aspergillus luchuensis RIB2601,BCS13716.1,ncbi
2067286,AA9,Eukaryota,Serendipita indica DSM 11827,CCA76671.1,ncbi
2061882,AA9,Eukaryota,Fusarium fujikuroi CSV1,QGI63155.1,ncbi
2059100,AA9,Eukaryota,Botrytis cinerea T4,CCD34368.1,ncbi
2068356,AA9,Eukaryota,Venturia effusa albino,QDS74230.1,ncbi
2062620,AA9,Eukaryota,Heterobasidion parviporum,AFO72232.1,ncbi
2058358,AA9,Eukaryota,Aspergillus flavus NRRL3357,QMW28929.1,ncbi
2066069,AA9,Eukaryota,Pleurotus ostreatus,UPO25274.1,ncbi
2069582,AA9,Eukaryota,Zymoseptoria tritici ST99CH_3D7,SMQ48266.1,ncbi
2066893,AA9,Eukaryota,Rhizoctonia solani AG-1 IA,QRW22254.1,ncbi
2059322,AA9,Eukaryota,Ceratobasidium sp. AG-Ba JN,QRV86628.1,ncbi
2065329,AA9,Eukaryota,Parastagonospora nodorum SN15,QRD03292.1,ncbi
2060230,AA9,Eukaryota,Colletotrichum lupini IMI 504893,UQC90197.1,ncbi
2060221,AA9,Eukaryota,Colletotrichum lupini IMI 504893,UQC86278.1,ncbi
2067015,AA9,Eukaryota,Rhizophlyctis rosea,AWM99271.1,ncbi
2066096,AA9,Eukaryota,Podospora anserina S mat+,CAP67201.1,ncbi
2062344,AA9,Eukaryota,Fusarium venenatum A3/5,CEI40071.1,ncbi
2058341,AA9,Eukaryota,Aspergillus flavus CA14,UDD59215.1,ncbi
2066677,AA9,Eukaryota,Pyrenophora teres f. teres,CAE7209913.1,ncbi
2067456,AA9,Eukaryota,Sordaria macrospora SN1693,WPJ61499.1,ncbi
2067280,AA9,Eukaryota,Serendipita indica DSM 11827,CCA67657.1,ncbi
2068233,AA9,Eukaryota,Trichoderma harzianum TRI 36,AYN44081.1,ncbi
2067957,AA9,Eukaryota,Thermothielavioides terrestris NRRL 8126,AEO71031.1,ncbi
2058196,AA9,Eukaryota,Ascochyta rabiei,UPX15728.1,ncbi
2060928,AA9,Eukaryota,Curvularia clavata yc1106,USP73369.1,ncbi
2062241,AA9,Eukaryota,Fusarium pseudograminearum Class2-1C,QPC70804.1,ncbi
2066047,AA9,Eukaryota,Pleurotus ostreatus,UPO25276.1,ncbi
2066742,AA9,Eukaryota,Pyricularia oryzae 70-15,EAA49718.1,ncbi
2066778,AA9,Eukaryota,Pyricularia oryzae 70-15,EAA57097.1,ncbi
2059377,AA9,Eukaryota,Ceratobasidium sp. AG-Ba LY,QRW06678.1,ncbi
2058463,AA9,Eukaryota,Aspergillus nidulans FGSC A4,EAA64499.1,ncbi
2059333,AA9,Eukaryota,Ceratobasidium sp. AG-Ba JN,QRV77796.1,ncbi
2065112,AA9,Eukaryota,Orbilia oligospora ATCC 24927,EGX44454.1,ncbi
2066885,AA9,Eukaryota,Rhizoctonia solani AG-1 IA,QRW16580.1,ncbi
2061860,AA9,Eukaryota,Fusarium falciforme Fu3.1,WAO86200.1,ncbi
2064913,AA9,Eukaryota,Neurospora crassa OR74A,EAA33178.1,ncbi
2059323,AA9,Eukaryota,Ceratobasidium sp. AG-Ba JN,QRV78852.1,ncbi
2066682,AA9,Eukaryota,Pyrenophora teres f. teres,CAE7205071.1,ncbi
2067447,AA9,Eukaryota,Sordaria macrospora SN1693,WPJ59281.1,ncbi
2066862,AA9,Eukaryota,Rhizoctonia solani AG-1 IA,QRW24013.1,ncbi
2065119,AA9,Eukaryota,Orbilia oligospora ATCC 24927,EGX50455.1,ncbi
2058430,AA9,Eukaryota,Aspergillus luchuensis IFO 4308,BCS02028.1,ncbi
2064919,AA9,Eukaryota,Neurospora crassa OR74A,EAA29347.1,ncbi
2064343,AA9,Eukaryota,Malbranchea cinnamomea FCH 10.5,QDV60867.1,ncbi
2067946,AA9,Eukaryota,Thermothielavioides terrestris NRRL 8126,AEO62422.1,ncbi
2067257,AA9,Eukaryota,Scytalidium lignicola,AYO97683.1,ncbi
2058612,AA9,Eukaryota,Aspergillus puulaauensis MK2,BCS23097.1,ncbi
2067913,AA9,Eukaryota,Thermochaetoides thermophila CT2,AGY80102.1,ncbi
2068338,AA9,Eukaryota,Ustilaginoidea virens UV-8b,QUC17296.1,ncbi
2066745,AA9,Eukaryota,Pyricularia oryzae 70-15,XP_362102.1,ncbi
2066882,AA9,Eukaryota,Rhizoctonia solani AG-1 IA,QRW20346.1,ncbi
2058336,AA9,Eukaryota,Aspergillus flavus CA14,UCK58873.1,ncbi
2067963,AA9,Eukaryota,Thermothielavioides terrestris NRRL 8126,ACE10234.1,ncbi
2066138,AA9,Eukaryota,Podospora anserina S mat+,CAP64865.1,ncbi
2067268,AA9,Eukaryota,Serendipita indica DSM 11827,CCA70703.1,ncbi
2061935,AA9,Eukaryota,Fusarium graminearum,CZS81765.1,ncbi
2058307,AA9,Eukaryota,Aspergillus chevalieri M1,BCR88842.1,ncbi
2064342,AA9,Eukaryota,Malbranchea cinnamomea FCH 10.5,QDV60866.1,ncbi
2059344,AA9,Eukaryota,Ceratobasidium sp. AG-Ba JN,QRV79667.1,ncbi
2066117,AA9,Eukaryota,Podospora anserina S mat+,CDP25472.1,ncbi
2059101,AA9,Eukaryota,Botrytis cinerea T4,CCD47228.1,ncbi
2067419,AA9,Eukaryota,Sordaria brevicollis,QWT72334.1,ncbi
2066011,AA9,Eukaryota,Plenodomus lingam JN3 isolate M1,CBX91313.1,ncbi
2069580,AA9,Eukaryota,Zymoseptoria tritici ST99CH_3D1,SMR48051.1,ncbi
2066109,AA9,Eukaryota,Podospora anserina S mat+,CDP31823.1,ncbi
2067448,AA9,Eukaryota,Sordaria macrospora SN1693,WPJ60107.1,ncbi
2061948,AA9,Eukaryota,Fusarium graminearum PH-1,CEF87450.1,ncbi
2068339,AA9,Eukaryota,Valsa mali,AXP83835.1,ncbi
2066123,AA9,Eukaryota,Podospora anserina S mat+,CDP25723.1,ncbi
2065348,AA9,Eukaryota,Parastagonospora nodorum SN15,QRC96184.1,ncbi
2065488,AA9,Eukaryota,Penicillium rubens Wisconsin 54-1255,CAP92380.1,ncbi
2061896,AA9,Eukaryota,Fusarium fujikuroi I1.3,QGI85581.1,ncbi
2066057,AA9,Eukaryota,Pleurotus ostreatus,UPO25262.1,ncbi
2067955,AA9,Eukaryota,Thermothielavioides terrestris NRRL 8126,AEO68577.1,ncbi
2059375,AA9,Eukaryota,Ceratobasidium sp. AG-Ba LY,QRW08661.1,ncbi
2059334,AA9,Eukaryota,Ceratobasidium sp. AG-Ba JN,QRV94311.1,ncbi
2065102,AA9,Eukaryota,Orbilia oligospora ATCC 24927,EGX51594.1,ncbi
2059107,AA9,Eukaryota,Botrytis cinerea T4,CCD52645.1,ncbi
2058615,AA9,Eukaryota,Aspergillus puulaauensis MK2,BCS25807.1,ncbi
2067002,AA9,Eukaryota,Rhizophlyctis rosea,AWM99270.1,ncbi
2060152,AA9,Eukaryota,Colletotrichum graminicola,WDK14530.1,ncbi
2062381,AA9,Eukaryota,Ganoderma boninense,VWO98307.1,ncbi
2058337,AA9,Eukaryota,Aspergillus flavus CA14,UDD63538.1,ncbi
2065355,AA9,Eukaryota,Parastagonospora nodorum SN15,QRC94241.1,ncbi
2068260,AA9,Eukaryota,Trichoderma reesei RUTC-30,CAA71999.1,ncbi
2060139,AA9,Eukaryota,Colletotrichum graminicola,WDK22617.1,ncbi
2065998,AA9,Eukaryota,Plenodomus lingam JN3 isolate M1,CBX96949.1,ncbi
2061892,AA9,Eukaryota,Fusarium fujikuroi I1.3,QGI87377.1,ncbi
2058346,AA9,Eukaryota,Aspergillus flavus NRRL 3357,QRD93603.1,ncbi
2062140,AA9,Eukaryota,Fusarium oxysporum Fo47,QKD60777.1,ncbi
2060238,AA9,Eukaryota,Colletotrichum lupini IMI 504893,UQC81296.1,ncbi
2058345,AA9,Eukaryota,Aspergillus flavus NRRL 3357,QRD87581.1,ncbi
2067277,AA9,Eukaryota,Serendipita indica DSM 11827,CCA75037.1,ncbi
2063260,AA9,Eukaryota,Irpex lacteus,WLJ42042.1,ncbi
2062377,AA9,Eukaryota,Ganoderma boninense,VWP00909.1,ncbi
2066090,AA9,Eukaryota,Podospora anserina S mat+,CAP66744.1,ncbi
2066044,AA9,Eukaryota,Pleurotus ostreatus,UPO25266.1,ncbi
2058385,AA9,Eukaryota,Aspergillus fumigatus Af293,EAL90002.1,ncbi
2066773,AA9,Eukaryota,Pyricularia oryzae 70-15,XP_367664.1,ncbi
2058433,AA9,Eukaryota,Aspergillus luchuensis RIB2601,BCS09686.1,ncbi
2061908,AA9,Eukaryota,Fusarium fujikuroi IMI 58289,CCT75380.1,ncbi
3227594,AA11,Eukaryota,Zymoseptoria tritici ST99CH_3D1,SMR59588.1,ncbi
3226812,AA11,Eukaryota,Podospora comata,VBB78175.1,ncbi
3225914,AA11,Eukaryota,Histoplasma capsulatum G186AR,QSS73381.1,ncbi
3224693,AA11,Eukaryota,Acrodontium crateriforme,WPH03535.1,ncbi
3225912,AA11,Eukaryota,Histoplasma capsulatum G186AR,QSS73131.1,ncbi
3225842,AA11,Eukaryota,Fusarium pseudograminearum Class2-1C,QPC71229.1,ncbi
3227241,AA11,Eukaryota,Trichoderma harzianum CBMAI-0179,WNZ75803.1,ncbi
3226581,AA11,Eukaryota,Parastagonospora nodorum SN15,QRC99968.1,ncbi
3225408,AA11,Eukaryota,Colletotrichum graminicola,WDK09318.1,ncbi
3225314,AA11,Eukaryota,Coccidioides posadasii str. Silveira,QVM11613.1,ncbi
3224900,AA11,Eukaryota,Aspergillus luchuensis RIB2601,BCS13877.1,ncbi
3225874,AA11,Eukaryota,Fusarium venenatum A3/5,CEI69602.1,ncbi
3227041,AA11,Eukaryota,Sordaria macrospora SN1693,WPJ67221.1,ncbi
3227014,AA11,Eukaryota,Septoria linicola SE15195,USW47196.1,ncbi
3227222,AA11,Eukaryota,Trichoderma asperellum FT101,UKZ93443.1,ncbi
3227603,AA11,Eukaryota,Zymoseptoria tritici ST99CH_3D7,SMQ46600.1,ncbi
3225752,AA11,Eukaryota,Fusarium fujikuroi IMI 58289,CCT62801.1,ncbi
3226898,AA11,Eukaryota,Pyricularia oryzae 70-15,EHA57166.1,ncbi
3226810,AA11,Eukaryota,Podospora comata,VBB75972.1,ncbi
3225875,AA11,Eukaryota,Fusarium venenatum A3/5,CEI62422.1,ncbi
3225748,AA11,Eukaryota,Fusarium fujikuroi I1.3,QGI80301.1,ncbi
3227353,AA11,Eukaryota,Venturia effusa albino,QDS74558.1,ncbi
3225924,AA11,Eukaryota,Histoplasma capsulatum WU24,QSS58181.1,ncbi
3226272,AA11,Eukaryota,Monilinia vaccinii-corymbosi RL-1,QSZ30312.1,ncbi
3226880,AA11,Eukaryota,Pyrenophora teres f. teres,CAE7185459.1,ncbi
3225677,AA11,Eukaryota,Epichloe festucae Fl1,QPG96784.1,ncbi
3225729,AA11,Eukaryota,Fusarium culmorum Class2-1B,QPC62016.1,ncbi
3226856,AA11,Eukaryota,Purpureocillium takamizusanense PT3,UNI20223.1,ncbi
3224972,AA11,Eukaryota,Aspergillus puulaauensis MK2,BCS27654.1,ncbi
3224916,AA11,Eukaryota,Aspergillus niger CBS 513.88,CAK45829.1,ncbi
3227590,AA11,Eukaryota,Zymoseptoria tritici ST99CH_1E4,SMR48373.1,ncbi
3226270,AA11,Eukaryota,Monascus purpureus KUPM5,BDD62316.1,ncbi
3227394,AA11,Eukaryota,Xanthophyllomyces dendrorhous,CED82682.1,ncbi
3227346,AA11,Bacteria,uncultured bacterium,AIA15627.1,ncbi
3227596,AA11,Eukaryota,Zymoseptoria tritici ST99CH_3D1,SMR44644.1,ncbi
3225810,AA11,Eukaryota,Fusarium oxysporum Fo47,QKD49975.1,ncbi
3227600,AA11,Eukaryota,Zymoseptoria tritici ST99CH_3D7,SMQ53351.1,ncbi
3225514,AA11,Eukaryota,Cryptococcus gattii WM276,XP_003195343.1,ncbi
3227157,AA11,Eukaryota,Thermothielavioides terrestris NRRL 8126,AEO62747.1,ncbi
3224878,AA11,Eukaryota,Aspergillus fumigatus A1163,EDP53229.1,ncbi
3226891,AA11,Eukaryota,Pyricularia oryzae,QBZ53468.1,ncbi
3226899,AA11,Eukaryota,Pyricularia oryzae 70-15,EHA52554.1,ncbi
3225520,AA11,Eukaryota,Cryptococcus neoformans VNII,UOH83031.1,ncbi
3225734,AA11,Eukaryota,Fusarium falciforme Fu3.1,WAO94945.1,ncbi
3226600,AA11,Eukaryota,Peltaster fructicola LNHT1506,QIX02274.1,ncbi
3224859,AA11,Eukaryota,Aspergillus flavus NRRL 3357,QRD92486.1,ncbi
3227158,AA11,Eukaryota,Thermothielavioides terrestris NRRL 8126,AEO70619.1,ncbi
3227268,AA11,Eukaryota,Trichoderma simmonsii GH-Sj1,QYS98861.1,ncbi
3227042,AA11,Eukaryota,Sordaria macrospora SN1693,WPJ58613.1,ncbi
3226271,AA11,Eukaryota,Monascus purpureus KUPM5,BDD58783.1,ncbi
3226642,AA11,Eukaryota,Penicillium rubens Wisconsin 54-1255,CAP99959.1,ncbi
3225407,AA11,Eukaryota,Colletotrichum graminicola,WDK19172.1,ncbi
3227589,AA11,Eukaryota,Zymoseptoria tritici ST99CH_1E4,SMR42951.1,ncbi
3226889,AA11,Eukaryota,Pyricularia oryzae,QBZ59176.1,ncbi
3226897,AA11,Eukaryota,Pyricularia oryzae 70-15,EHA51197.1,ncbi
3227270,AA11,Eukaryota,Trichoderma simmonsii GH-Sj1,QYS93776.1,ncbi
3225840,AA11,Eukaryota,Fusarium pseudograminearum Class2-1C,QPC75120.1,ncbi
3225764,AA11,Eukaryota,Fusarium graminearum PH-1,SCB65865.1,ncbi
3224856,AA11,Eukaryota,Aspergillus flavus CA14,UDD65764.1,ncbi
3224788,AA11,Eukaryota,Ascochyta rabiei,UPX13667.1,ncbi
3227131,AA11,Eukaryota,Talaromyces rugulosus W13939,QKX61307.1,ncbi
3225921,AA11,Eukaryota,Histoplasma capsulatum var. duboisii H88,QSS53149.1,ncbi
3226599,AA11,Eukaryota,Peltaster fructicola LNHT1506,QIX02019.1,ncbi
3224696,AA11,Eukaryota,Acrodontium crateriforme,WPH02701.1,ncbi
3225856,AA11,Eukaryota,Fusarium solani-melongenae CRI 24-3,UPL03861.1,ncbi
3224857,AA11,Eukaryota,Aspergillus flavus CA14,UDD60467.1,ncbi
3225733,AA11,Eukaryota,Fusarium falciforme Fu3.1,WAO93972.1,ncbi
3225740,AA11,Eukaryota,Fusarium fujikuroi Augusto2,QGI90179.1,ncbi
3224867,AA11,Eukaryota,Aspergillus flavus NRRL3357,QMW31531.1,ncbi
3226645,AA11,Eukaryota,Penicillium rubens Wisconsin 54-1255,CAP79499.1,ncbi
3226779,AA11,Eukaryota,Plenodomus lingam JN3 isolate M1,CBX94475.1,ncbi
3225518,AA11,Eukaryota,Cryptococcus neoformans var. grubii KN99,AUB26569.1,ncbi
3227154,AA11,Eukaryota,Thermothelomyces thermophilus ATCC 42464,AEO61991.1,ncbi
3227350,AA11,Eukaryota,Ustilaginoidea virens UV-8b,QUC23488.1,ncbi
3225415,AA11,Eukaryota,Colletotrichum lupini IMI 504893,UQC74065.1,ncbi
3225737,AA11,Eukaryota,Fusarium fujikuroi Augusto2,QGJ01624.1,ncbi
3226243,AA11,Eukaryota,Metarhizium brunneum 4556,QLI69642.1,ncbi
3224909,AA11,Eukaryota,Aspergillus nidulans FGSC A4,CBF89147.1,ncbi
3225528,AA11,Eukaryota,Cutaneotrichosporon cavernicola HIS641,BEJ03702.1,ncbi
3225877,AA11,Eukaryota,Fusarium venenatum A3/5,CEI66317.1,ncbi
3225406,AA11,Eukaryota,Colletotrichum graminicola,WDK12315.1,ncbi
3224908,AA11,Eukaryota,Aspergillus nidulans FGSC A4,CBF74037.1,ncbi
3224840,AA11,Eukaryota,Aspergillus chevalieri M1,BCR90266.1,ncbi
3227269,AA11,Eukaryota,Trichoderma simmonsii GH-Sj1,QYS95059.1,ncbi
3224862,AA11,Eukaryota,Aspergillus flavus NRRL 3357,QRD85645.1,ncbi
3227226,AA11,Eukaryota,Trichoderma atroviride P1,UKZ70818.1,ncbi
3226962,AA11,Eukaryota,Rhodotorula toruloides CECT1137,CDR36663.1,ncbi
3224787,AA11,Eukaryota,Ascochyta rabiei,UPX10848.1,ncbi
3227586,AA11,Eukaryota,Zymoseptoria tritici ST99CH_1A5,SMY20284.1,ncbi
3227008,AA11,Eukaryota,Sclerotinia sclerotiorum 1980 UF-70,APA06639.1,ncbi
3225811,AA11,Eukaryota,Fusarium oxysporum Fo47,QKD55128.1,ncbi
3227159,AA11,Eukaryota,Thermothielavioides terrestris NRRL 8126,AEO63051.1,ncbi
3226797,AA11,Eukaryota,Podospora anserina S mat+,CDP27480.1,ncbi
3224852,AA11,Eukaryota,Aspergillus flavus AF13,QMW43588.1,ncbi
3225759,AA11,Eukaryota,Fusarium graminearum,CZS75875.1,ncbi
3226580,AA11,Eukaryota,Parastagonospora nodorum SN15,QRC94234.1,ncbi
3227348,AA11,Eukaryota,Ustilaginoidea virens UV-8b,QUC21080.1,ncbi
3226780,AA11,Eukaryota,Plenodomus lingam JN3 isolate M1,CBX93554.1,ncbi
3227152,AA11,Eukaryota,Thermothelomyces thermophilus ATCC 42464,AEO56313.1,ncbi
3225913,AA11,Eukaryota,Histoplasma capsulatum G186AR,QSS76263.1,ncbi
3226881,AA11,Eukaryota,Pyrenophora teres f. teres,CAE7219834.1,ncbi
3225744,AA11,Eukaryota,Fusarium fujikuroi CSV1,QGI63133.1,ncbi
3227592,AA11,Eukaryota,Zymoseptoria tritici ST99CH_1E4,SMR56735.1,ncbi
3224942,AA11,Eukaryota,Aspergillus oryzae RIB40,BAE61530.1,ncbi
3224697,AA11,Eukaryota,Adineta vaga,UJR20201.1,ncbi
3225761,AA11,Eukaryota,Fusarium graminearum PH-1,CEF86154.1,ncbi
3227012,AA11,Eukaryota,Septoria linicola SE15195,USW51749.1,ncbi
3225522,AA11,Eukaryota,Curvularia clavata yc1106,USP72850.1,ncbi
3226940,AA11,Eukaryota,Rhizophagus clarus MUCL46238,AMJ52392.1,ncbi
3227227,AA11,Eukaryota,Trichoderma atroviride P1,UKZ60083.1,ncbi
3226796,AA11,Eukaryota,Podospora anserina S mat+,CAP70884.1,ncbi
3227155,AA11,Eukaryota,Thermothielavioides terrestris NRRL 8126,AEO63862.1,ncbi
3225920,AA11,Eukaryota,Histoplasma capsulatum var. duboisii H88,QSS55105.1,ncbi
3227272,AA11,Eukaryota,Trichoderma virens FT-333,UKZ77675.1,ncbi
3224849,AA11,Eukaryota,Aspergillus flavus AF13,QMW48536.1,ncbi
3225745,AA11,Eukaryota,Fusarium fujikuroi I1.3,QGI88078.1,ncbi
3225731,AA11,Eukaryota,Fusarium culmorum Class2-1B,QPC66349.1,ncbi
3225812,AA11,Eukaryota,Fusarium oxysporum Fo47,QKD46981.1,ncbi
3227601,AA11,Eukaryota,Zymoseptoria tritici ST99CH_3D7,SMQ53151.1,ncbi
3224863,AA11,Eukaryota,Aspergillus flavus NRRL3357,QMW29322.1,ncbi
3226647,AA11,Eukaryota,Penicillium rubens Wisconsin 54-1255,CAP79267.1,ncbi
3225739,AA11,Eukaryota,Fusarium fujikuroi Augusto2,QGI94018.1,ncbi
3226896,AA11,Eukaryota,Pyricularia oryzae 70-15,EHA52778.1,ncbi
3226649,AA11,Eukaryota,Penicillium rubens Wisconsin 54-1255,CAP96550.1,ncbi
3225846,AA11,Eukaryota,Fusarium pseudograminearum Fp22-2,UZP42077.1,ncbi
3226582,AA11,Eukaryota,Parastagonospora nodorum SN15,QRC91127.1,ncbi
3224945,AA11,Eukaryota,Aspergillus oryzae RIB40,BAE66259.1,ncbi
3225485,AA11,Eukaryota,Cordyceps militaris ATCC 34164,ATY60186.1,ncbi
3224943,AA11,Eukaryota,Aspergillus oryzae RIB40,XP_001822663.2,ncbi
3227128,AA11,Eukaryota,Talaromyces rugulosus W13939,QKX55082.1,ncbi
3225674,AA11,Eukaryota,Entomophthora planchoniana,ADK37848.1,ncbi
3227220,AA11,Eukaryota,Trichoderma asperellum FT101,UKZ90028.1,ncbi
3226882,AA11,Eukaryota,Pyrenophora teres f. teres,CAE7009967.1,ncbi
3224858,AA11,Eukaryota,Aspergillus flavus NRRL 3357,QRD91094.1,ncbi
3226890,AA11,Eukaryota,Pyricularia oryzae,QBZ61801.1,ncbi
3226643,AA11,Eukaryota,Penicillium rubens Wisconsin 54-1255,CAP79436.1,ncbi
3226496,AA11,Eukaryota,Neurospora crassa OR74A,EAA31701.1,ncbi
3226499,AA11,Eukaryota,Neurospora crassa OR74A,EAA35129.1,ncbi
3225675,AA11,Eukaryota,Epichloe festucae Fl1,QPH05754.1,ncbi
3227130,AA11,Eukaryota,Talaromyces rugulosus W13939,QKX58176.1,ncbi
3224854,AA11,Eukaryota,Aspergillus flavus CA14,UDD58751.1,ncbi
3225845,AA11,Eukaryota,Fusarium pseudograminearum Fp22-2,UZP39261.1,ncbi
3227013,AA11,Eukaryota,Septoria linicola SE15195,USW52729.1,ncbi
3226895,AA11,Eukaryota,Pyricularia oryzae 70-15,EHA52406.1,ncbi
3226244,AA11,Eukaryota,Metarhizium brunneum 4556,QLI65453.1,ncbi
3225757,AA11,Eukaryota,Fusarium graminearum,CZS82009.1,ncbi
3224789,AA11,Eukaryota,Ascochyta rabiei,UPX15800.1,ncbi
3224851,AA11,Eukaryota,Aspergillus flavus AF13,QMW44880.1,ncbi
3227153,AA11,Eukaryota,Thermothelomyces thermophilus ATCC 42464,AEO55680.1,ncbi
3227125,AA11,Eukaryota,Talaromyces marneffei,QGA16556.1,ncbi
3225858,AA11,Eukaryota,Fusarium solani-melongenae CRI 24-3,UPK93804.1,ncbi
3226877,AA11,Eukaryota,Pyrenophora teres f. teres,CAE7030995.1,ncbi
3225676,AA11,Eukaryota,Epichloe festucae Fl1,QPG95430.1,ncbi
3226894,AA11,Eukaryota,Pyricularia oryzae 70-15,XP_003708917.1,ncbi
3226273,AA11,Eukaryota,Monilinia vaccinii-corymbosi RL-1,QSZ33893.1,ncbi
3225765,AA11,Eukaryota,Fusarium graminearum PH-1,CEF74713.1,ncbi
3225488,AA11,Eukaryota,Cordyceps militaris ATCC 34164,ATY58330.1,ncbi
3224946,AA11,Eukaryota,Aspergillus oryzae RIB40,XP_001827392.2,ncbi
3226795,AA11,Eukaryota,Podospora anserina S mat+,CDP28790.1,ncbi
3224692,AA11,Eukaryota,Acrodontium crateriforme,WPH04096.1,ncbi
3226798,AA11,Eukaryota,Podospora anserina S mat+,CAP73406.1,ncbi
3225730,AA11,Eukaryota,Fusarium culmorum Class2-1B,QPC68024.1,ncbi
3225741,AA11,Eukaryota,Fusarium fujikuroi CSV1,QGI70733.1,ncbi
3225738,AA11,Eukaryota,Fusarium fujikuroi Augusto2,QGI96022.1,ncbi
3225841,AA11,Eukaryota,Fusarium pseudograminearum Class2-1C,QPC76900.1,ncbi
3227593,AA11,Eukaryota,Zymoseptoria tritici ST99CH_1E4,SMR56932.1,ncbi
3224918,AA11,Eukaryota,Aspergillus niger CBS 513.88,CAK42338.1,ncbi
3227588,AA11,Eukaryota,Zymoseptoria tritici ST99CH_1A5,SMY19807.1,ncbi
3224855,AA11,Eukaryota,Aspergillus flavus CA14,UDD57916.1,ncbi
3225147,AA11,Eukaryota,Botrytis cinerea B05.10,ATZ51833.1,ncbi
3227007,AA11,Eukaryota,Sclerotinia sclerotiorum 1980 UF-70,APA05657.1,ncbi
3226632,AA11,Eukaryota,Penicillium digitatum PdW03,QQK43500.1,ncbi
3224839,AA11,Eukaryota,Aspergillus chevalieri M1,BCR89541.1,ncbi
3224853,AA11,Eukaryota,Aspergillus flavus AF13,QMW46849.1,ncbi
3227584,AA11,Eukaryota,Zymoseptoria tritici ST99CH_1A5,SMY26783.1,ncbi
3227595,AA11,Eukaryota,Zymoseptoria tritici ST99CH_3D1,SMR59792.1,ncbi
3225925,AA11,Eukaryota,Histoplasma capsulatum WU24,QSS65347.1,ncbi
3224785,AA11,Eukaryota,Ascochyta rabiei,UPX16466.1,ncbi
3224861,AA11,Eukaryota,Aspergillus flavus NRRL 3357,QRD84377.1,ncbi
3226855,AA11,Eukaryota,Purpureocillium takamizusanense PT3,UNI22986.1,ncbi
3224698,AA11,Eukaryota,Adineta vaga,UJR34513.1,ncbi
3226963,AA11,Eukaryota,Rhodotorula toruloides CECT1137,CDR47410.1,ncbi
3226799,AA11,Eukaryota,Podospora anserina S mat+,CDP25808.1,ncbi
3227015,AA11,Eukaryota,Septoria linicola SE15195,USW48386.1,ncbi
3225527,AA11,Eukaryota,Cutaneotrichosporon cavernicola HIS631,BEI95927.1,ncbi
3227599,AA11,Eukaryota,Zymoseptoria tritici ST99CH_3D7,SMQ48592.1,ncbi
3226790,AA11,Eukaryota,Podospora anserina S mat+,CAP60218.1,ncbi
3225670,AA11,Eukaryota,Emydomyces testavorans 16-2883,WEW54619.1,ncbi
3227275,AA11,Eukaryota,Trichoderma virens Gv29-8,UKZ53236.1,ncbi
3224850,AA11,Eukaryota,Aspergillus flavus AF13,QMW41394.1,ncbi
3225418,AA11,Eukaryota,Colletotrichum lupini IMI 504893,UQC82440.1,ncbi
3225728,AA11,Eukaryota,Fusarium culmorum Class2-1B,QPC59912.1,ncbi
3224897,AA11,Eukaryota,Aspergillus luchuensis IFO 4308,BCR98852.1,ncbi
3225859,AA11,Eukaryota,Fusarium solani-melongenae CRI 24-3,UPK93764.1,ncbi
3225750,AA11,Eukaryota,Fusarium fujikuroi IMI 58289,CCT69101.1,ncbi
3224786,AA11,Eukaryota,Ascochyta rabiei,UPX19666.1,ncbi
3226648,AA11,Eukaryota,Penicillium rubens Wisconsin 54-1255,CAP86617.1,ncbi
3225749,AA11,Eukaryota,Fusarium fujikuroi IMI 58289,CCT67099.1,ncbi
3225671,AA11,Eukaryota,Emydomyces testavorans 16-2883,WEW56163.1,ncbi
3225150,AA11,Eukaryota,Botrytis cinerea T4,CCD52974.1,ncbi
3823984,AA14,Eukaryota,Adineta vaga,UJR18409.1,ncbi
3823985,AA14,Eukaryota,Adineta vaga,UJR18410.1,ncbi
3823986,AA14,Eukaryota,Adineta vaga,UJR18547.1,ncbi
3824070,AA14,Eukaryota,Aspergillus puulaauensis MK2,BCS19533.1,ncbi
3824125,AA14,Eukaryota,Ceratobasidium sp. AG-Ba JN,QRV89592.1,ncbi
3824126,AA14,Eukaryota,Ceratobasidium sp. AG-Ba JN,QRV75229.1,ncbi
3824127,AA14,Eukaryota,Ceratobasidium sp. AG-Ba JN,QRV74901.1,ncbi
3824128,AA14,Eukaryota,Ceratobasidium sp. AG-Ba JN,QRV89924.1,ncbi
3824129,AA14,Eukaryota,Ceratobasidium sp. AG-Ba LY,QRW03805.1,ncbi
3824130,AA14,Eukaryota,Ceratobasidium sp. AG-Ba LY,QRW04140.1,ncbi
3824144,AA14,Eukaryota,Colletotrichum lupini IMI 504893,UQC80857.1,ncbi
3824188,AA14,Eukaryota,Cryptococcus gattii VGII R265,KGB74552.2,ncbi
3824189,AA14,Eukaryota,Cryptococcus gattii WM276,ADV20171.1,ncbi
3824191,AA14,Eukaryota,Cryptococcus neoformans var. grubii H99,AFR92305.2,ncbi
3824193,AA14,Eukaryota,Cryptococcus neoformans var. neoformans JEC21,ALO60293.1,ncbi
3824194,AA14,Eukaryota,Cryptococcus neoformans VNII,UOH79157.1,ncbi
3824195,AA14,Eukaryota,Cutaneotrichosporon cavernicola HIS002,BEI86858.1,ncbi
3824196,AA14,Eukaryota,Cutaneotrichosporon cavernicola HIS002,BEI80878.1,ncbi
3824197,AA14,Eukaryota,Cutaneotrichosporon cavernicola HIS002,BEI80008.1,ncbi
3824198,AA14,Eukaryota,Cutaneotrichosporon cavernicola HIS002,BEI83857.1,ncbi
3824199,AA14,Eukaryota,Cutaneotrichosporon cavernicola HIS019,BEI91637.1,ncbi
3824200,AA14,Eukaryota,Cutaneotrichosporon cavernicola HIS019,BEI87813.1,ncbi
3824201,AA14,Eukaryota,Cutaneotrichosporon cavernicola HIS019,BEI88680.1,ncbi
3824202,AA14,Eukaryota,Cutaneotrichosporon cavernicola HIS019,BEI94633.1,ncbi
3824203,AA14,Eukaryota,Cutaneotrichosporon cavernicola HIS631,BEI96453.1,ncbi
3824204,AA14,Eukaryota,Cutaneotrichosporon cavernicola HIS631,BEI95587.1,ncbi
3824205,AA14,Eukaryota,Cutaneotrichosporon cavernicola HIS631,BEJ02410.1,ncbi
3824206,AA14,Eukaryota,Cutaneotrichosporon cavernicola HIS631,BEI99413.1,ncbi
3824207,AA14,Eukaryota,Cutaneotrichosporon cavernicola HIS641,BEJ07191.1,ncbi
3824208,AA14,Eukaryota,Cutaneotrichosporon cavernicola HIS641,BEJ10168.1,ncbi
3824209,AA14,Eukaryota,Cutaneotrichosporon cavernicola HIS641,BEJ04226.1,ncbi
3824210,AA14,Eukaryota,Cutaneotrichosporon cavernicola HIS641,BEJ03361.1,ncbi
3824211,AA14,Eukaryota,Cutaneotrichosporon sp. HIS471,BEJ11580.1,ncbi
3824212,AA14,Eukaryota,Cutaneotrichosporon sp. HIS471,BEJ11081.1,ncbi
3824213,AA14,Eukaryota,Cutaneotrichosporon sp. HIS471,BEJ14676.1,ncbi
3824214,AA14,Eukaryota,Cutaneotrichosporon sp. HIS471,BEJ17895.1,ncbi
3824325,AA14,Eukaryota,Fusarium culmorum Class2-1B,QPC60107.1,ncbi
3824326,AA14,Eukaryota,Fusarium falciforme Fu3.1,WAO90367.1,ncbi
3824327,AA14,Eukaryota,Fusarium fujikuroi Augusto2,QGJ00242.1,ncbi
3824328,AA14,Eukaryota,Fusarium fujikuroi CSV1,QGI69353.1,ncbi
3824330,AA14,Eukaryota,Fusarium graminearum,CZS82239.1,ncbi
3824331,AA14,Eukaryota,Fusarium graminearum PH-1,CEF78948.1,ncbi
3824343,AA14,Eukaryota,Fusarium oxysporum Fo47,QKD59866.1,ncbi
3824350,AA14,Eukaryota,Fusarium pseudograminearum Class2-1C,QPC71399.1,ncbi
3824351,AA14,Eukaryota,Fusarium pseudograminearum Fp22-2,UZP39487.1,ncbi
3824355,AA14,Eukaryota,Fusarium solani-melongenae CRI 24-3,UPL03651.1,ncbi
3824360,AA14,Eukaryota,Fusarium venenatum A3/5,CEI62631.1,ncbi
3824363,AA14,Eukaryota,Ganoderma boninense,VWO99732.1,ncbi
3824364,AA14,Eukaryota,Ganoderma boninense,VWO99737.1,ncbi
3824657,AA14,Eukaryota,Metarhizium brunneum 4556,QLI72627.1,ncbi
3824711,AA14,Eukaryota,Parastagonospora nodorum SN15,QRC96084.1,ncbi
3824784,AA14,Eukaryota,Podospora anserina S mat+,CAP65157.1,ncbi
3824785,AA14,Eukaryota,Podospora anserina S mat+,CDP29754.1,ncbi
3824787,AA14,Eukaryota,Podospora comata,VBB81572.1,ncbi
3824812,AA14,Eukaryota,Purpureocillium takamizusanense PT3,UNI24354.1,ncbi
3824825,AA14,Eukaryota,Rhizoctonia solani AG-1 IA,QRW18282.1,ncbi
3824826,AA14,Eukaryota,Rhizoctonia solani AG-1 IA,QRW17802.1,ncbi
3824859,AA14,Eukaryota,Rhodotorula toruloides CECT1137,CDR41698.1,ncbi
3824860,AA14,Eukaryota,Rhodotorula toruloides CECT1137,CDR41535.1,ncbi
3824861,AA14,Eukaryota,Rhodotorula toruloides CECT1137,CDR48707.1,ncbi
3824901,AA14,Eukaryota,Sordaria brevicollis FGSC1904,WMP39985.1,ncbi
3824951,AA14,Eukaryota,Talaromyces rugulosus W13939,QKX59718.1,ncbi
3824952,AA14,Eukaryota,Talaromyces rugulosus W13939,QKX64748.1,ncbi
3824973,AA14,Eukaryota,Trametes coccinea CIRM-BRFM 310,AUM86167.1,ncbi
3824974,AA14,Eukaryota,Trametes coccinea CIRM-BRFM 310,AUM86166.1,ncbi
3825011,AA14,Eukaryota,Trichoderma asperellum FT101,UKZ97146.1,ncbi
3825012,AA14,Eukaryota,Trichoderma asperellum FT101,UKZ92032.1,ncbi
3825015,AA14,Eukaryota,Trichoderma atroviride P1,UKZ64042.1,ncbi
3825026,AA14,Eukaryota,Trichoderma harzianum CBMAI-0179,WNZ75763.1,ncbi
3825039,AA14,Eukaryota,Trichoderma simmonsii GH-Sj1,QYS94970.1,ncbi
3825040,AA14,Eukaryota,Trichoderma simmonsii GH-Sj1,QYT03335.1,ncbi
3825041,AA14,Eukaryota,Trichoderma virens FT-333,UKZ78795.1,ncbi
3825042,AA14,Eukaryota,Trichoderma virens Gv29-8,UKZ52955.1,ncbi
3825043,AA14,Eukaryota,Trichoderma virens Gv29-8,UKZ46433.1,ncbi
3825078,AA14,Eukaryota,Xanthophyllomyces dendrorhous,CDZ98792.1,ncbi
3825079,AA14,Eukaryota,Xanthophyllomyces dendrorhous,CDZ98532.1,ncbi
3825080,AA14,Eukaryota,Xanthophyllomyces dendrorhous,CDZ98469.1,ncbi
3825081,AA14,Eukaryota,Xanthophyllomyces dendrorhous,CDZ98793.1,ncbi
4177441,AA13,Eukaryota,Ascochyta rabiei,UPX10212.1,ncbi
4177442,AA13,Eukaryota,Aspergillaceae sp.,WPB13663.1,ncbi
4177443,AA13,Eukaryota,Aspergillaceae sp.,WPB13661.1,ncbi
4177444,AA13,Eukaryota,Aspergillaceae sp.,WPB13665.1,ncbi
4177445,AA13,Eukaryota,Aspergillaceae sp.,WPB13668.1,ncbi
4177446,AA13,Eukaryota,Aspergillaceae sp.,WPB13664.1,ncbi
4177447,AA13,Eukaryota,Aspergillaceae sp.,WPB13662.1,ncbi
4177448,AA13,Eukaryota,Aspergillaceae sp.,WPB13667.1,ncbi
4177449,AA13,Eukaryota,Aspergillaceae sp.,WPB13669.1,ncbi
4177450,AA13,Eukaryota,Aspergillaceae sp.,WPB13666.1,ncbi
4177464,AA13,Eukaryota,Aspergillus flavus AF13,QMW44617.1,ncbi
4177465,AA13,Eukaryota,Aspergillus flavus CA14,UDD57602.1,ncbi
4177466,AA13,Eukaryota,Aspergillus flavus NRRL 3357,QRD84087.1,ncbi
4177467,AA13,Eukaryota,Aspergillus flavus NRRL3357,QMW32587.1,ncbi
4177475,AA13,Eukaryota,Aspergillus nidulans FGSC A4,EAA62623.1,ncbi
4177476,AA13,Eukaryota,Aspergillus nidulans FGSC A4,EAA58078.1,ncbi
4177482,AA13,Eukaryota,Aspergillus oryzae RIB40,BAE61982.1,ncbi
4177483,AA13,Eukaryota,Aspergillus oryzae RIB40,XP_001823115.2,ncbi
4177490,AA13,Eukaryota,Aspergillus puulaauensis MK2,BCS19728.1,ncbi
4177499,AA13,Eukaryota,Aspergillus terreus NIH2624,EAU32670.1,ncbi
4177509,AA13,Eukaryota,Botrytis cinerea B05.10,ATZ51061.1,ncbi
4177510,AA13,Eukaryota,Botrytis cinerea T4,CCD56877.1,ncbi
4177511,AA13,Eukaryota,Botrytis cinerea T4,CCD56877.2,ncbi
4177535,AA13,Eukaryota,Colletotrichum graminicola,WDK10252.1,ncbi
4177538,AA13,Eukaryota,Colletotrichum lupini IMI 504893,UQC75027.1,ncbi
4177553,AA13,Eukaryota,Curvularia clavata yc1106,USP75504.1,ncbi
4177580,AA13,Eukaryota,Fusarium falciforme Fu3.1,WAO92427.1,ncbi
4177581,AA13,Eukaryota,Fusarium fujikuroi Augusto2,QGI98552.1,ncbi
4177582,AA13,Eukaryota,Fusarium fujikuroi CSV1,QGI67668.1,ncbi
4177583,AA13,Eukaryota,Fusarium fujikuroi I1.3,QGI84897.1,ncbi
4177584,AA13,Eukaryota,Fusarium fujikuroi IMI 58289,CCT72014.1,ncbi
4177586,AA13,Eukaryota,Fusarium graminearum,CZS83188.1,ncbi
4177587,AA13,Eukaryota,Fusarium graminearum PH-1,CEF86045.1,ncbi
4177601,AA13,Eukaryota,Fusarium oxysporum Fo47,QKD48717.1,ncbi
4177609,AA13,Eukaryota,Fusarium solani-melongenae CRI 24-3,UPK93194.1,ncbi
4177613,AA13,Eukaryota,Fusarium venenatum A3/5,CEI63409.1,ncbi
4177657,AA13,Eukaryota,Neurospora crassa OR74A,CAE75704.1,ncbi
4177658,AA13,Eukaryota,Neurospora crassa OR74A,EAA34371.1,ncbi
4177659,AA13,Eukaryota,Neurospora crassa OR74A,EAA34371.2,ncbi
4177660,AA13,Eukaryota,Neurospora crassa OR74A,XP_330863.1,ncbi
4177667,AA13,Eukaryota,Orbilia oligospora ATCC 24927,EGX44447.1,ncbi
4177671,AA13,Eukaryota,Parastagonospora nodorum SN15,QRD05983.1,ncbi
4177685,AA13,Eukaryota,Penicillium rubens Wisconsin 54-1255,CAP92263.1,ncbi
4177686,AA13,Eukaryota,Penicillium rubens Wisconsin 54-1255,CAP86689.1,ncbi
4177701,AA13,Eukaryota,Plenodomus lingam JN3 isolate M1,CBX99030.1,ncbi
4177703,AA13,Eukaryota,Podospora anserina S mat+,CAP61339.1,ncbi
4177704,AA13,Eukaryota,Podospora anserina S mat+,CDP27694.1,ncbi
4177707,AA13,Eukaryota,Podospora comata,VBB78622.1,ncbi
4177717,AA13,Eukaryota,Pyrenophora teres f. teres,CAE7027613.1,ncbi
4177719,AA13,Eukaryota,Pyricularia oryzae,QBZ65491.1,ncbi
4177720,AA13,Eukaryota,Pyricularia oryzae 70-15,EAQ71571.1,ncbi
4177721,AA13,Eukaryota,Pyricularia oryzae 70-15,XP_365988.1,ncbi
4177723,AA13,Eukaryota,Sclerotinia sclerotiorum 1980 UF-70,APA15768.1,ncbi
4177728,AA13,Eukaryota,Sordaria macrospora SN1693,WPJ64983.1,ncbi
4177736,AA13,Eukaryota,Talaromyces rugulosus W13939,QKX59876.1,ncbi
4177737,AA13,Eukaryota,Talaromyces rugulosus W13939,QKX53564.1,ncbi
4177738,AA13,Eukaryota,Thermothelomyces thermophilus ATCC 42464,AEO62162.1,ncbi
4188373,AA10,Bacteria,Bacillus halotolerans B13,WAT19437.1,ncbi
4194605,AA10,Viruses,Spodoptera exigua multiple nucleopolyhedrovirus,CDG73066.1,ncbi
4196583,AA10,Bacteria,Streptomyces sp. ST1015,QZZ33034.1,ncbi
4189197,AA10,Bacteria,Bacillus wiedmannii JAS07/5,QWH66794.1,ncbi
4196455,AA10,Bacteria,Streptomyces sp. RLB3-17,QDO43281.1,ncbi
4194041,AA10,Bacteria,Pseudomonas viciae 11K1,QBZ87549.1,ncbi
4187556,AA10,Bacteria,Aeromonas salmonicida subsp. salmonicida J223,QHU95118.1,ncbi
4192063,AA10,Bacteria,Morganella morganii FDAARGOS_172,AMG71650.1,ncbi
4193145,AA10,Bacteria,Pseudomonas aeruginosa T52373,ALZ00479.1,ncbi
4189771,AA10,Bacteria,Chromobacterium violaceum ATCC 12472,NP_900223.1,ncbi
4191586,AA10,Bacteria,Listeria monocytogenes Finland 1998,AEO39932.1,ncbi
4196374,AA10,Bacteria,Streptomyces sp. NA07423,WHX20708.1,ncbi
4197402,AA10,Bacteria,Vibrio fluvialis IDH05335,BEI24944.1,ncbi
4189560,AA10,Bacteria,Burkholderia sp. MSMB0852,AOJ79401.1,ncbi
4193066,AA10,Bacteria,Pseudomonas aeruginosa PA298,QCP78569.1,ncbi
4191124,AA10,Bacteria,Kutzneria albida DSM 43870,AHH99914.1,ncbi
4195907,AA10,Bacteria,Streptomyces sp. A1-5,UJB41257.1,ncbi
4197707,AA10,Bacteria,Vibrio vulnificus Env1,AVX02222.1,ncbi
4188116,AA10,Bacteria,Bacillus bombysepticus Cuernavaca_S2,WIK98976.1,ncbi
4191228,AA10,Bacteria,Lactiplantibacillus plantarum SRCM100442,QHM29104.1,ncbi
4187201,AA10,Bacteria,Acinetobacter colistiniresistens C-214,UUM26337.1,ncbi
4190039,AA10,Bacteria,Enterobacter cloacae isolate SBP-8,AOE94116.1,ncbi
4192133,AA10,Bacteria,Myxococcus xanthus DK 1622,ABF87030.1,ncbi
4196597,AA10,Bacteria,Streptomyces sp. TN58,APU40413.1,ncbi
4193347,AA10,Bacteria,Pseudomonas chlororaphis subsp. aurantiaca 464,AZD41277.1,ncbi
4196840,AA10,Bacteria,Streptomyces xiamenensis 318,AKG41508.1,ncbi
4194137,AA10,Bacteria,Salinispora tropica CNB-440,ABP55474.1,ncbi
4192776,AA10,Bacteria,Providencia thailandensis 2017-45-35,WIJ74296.1,ncbi
4196737,AA10,Bacteria,Streptomyces tsukubensis NRRL 18488,AZK92740.1,ncbi
4191592,AA10,Bacteria,Listeria monocytogenes FW040025,ANE40389.1,ncbi
4195102,AA10,Bacteria,Streptomyces clavuligerus F1D10,QPL79759.1,ncbi
4193982,AA10,Bacteria,Pseudomonas syringae pv. actinidiae CRAFRU 12.29,AQX59568.1,ncbi
4190335,AA10,Bacteria,Enterococcus faecalis R5,UER66040.1,ncbi
4189735,AA10,Viruses,Choristoneura rosaceana entomopoxvirus L,CCU56169.1,ncbi
4196639,AA10,Bacteria,Streptomyces sp. W1SF4,AZM93082.1,ncbi
4188000,AA10,Bacteria,Bacillus anthracis FDAARGOS_705,QHA62960.1,ncbi
4189357,AA10,Bacteria,Burkholderia mallei Bogor,WPJ40766.1,ncbi
4188820,AA10,Bacteria,Bacillus thuringiensis FDAARGOS_792,QKI25232.1,ncbi
4187385,AA10,Bacteria,Aeromonas caviae BC01,WAF59601.1,ncbi
4197272,AA10,Bacteria,Vibrio cholerae O37 ATCC 25872,QUY00890.1,ncbi
4187476,AA10,Bacteria,Aeromonas hydrophila F7,WPC70024.1,ncbi
4192961,AA10,Bacteria,Pseudomonas aeruginosa DVT421,QKR32300.1,ncbi
4191560,AA10,Bacteria,Listeria marthii UTK_C1-0015-E1,UHP09842.1,ncbi
4197061,AA10,Bacteria,Vibrio anguillarum 178/90,AQM27776.1,ncbi
4190412,AA10,Bacteria,Enterococcus faecium Efaecium_ER04462.3A,AUI21143.1,ncbi
4195438,AA10,Bacteria,Streptomyces hygroscopicus subsp. jinggangensis TL01,AGF66564.1,ncbi
4188726,AA10,Bacteria,Bacillus sp. ZJS3,UOB76622.1,ncbi
4193533,AA10,Bacteria,Pseudomonas fluorescens PH.SM,WJK07852.1,ncbi
4188064,AA10,Bacteria,Bacillus anthracis str. A0248,ACQ47808.1,ncbi
4194371,AA10,Bacteria,Serratia proteamaculans 336X,QGH61980.1,ncbi
4195969,AA10,Bacteria,Streptomyces sp. AM2-3-1,WNO75466.1,ncbi
4195066,AA10,Bacteria,Streptomyces chartreusis ATCC 14922,QEV67060.1,ncbi
4188534,AA10,Bacteria,Bacillus mycoides JAS481,QWI38337.1,ncbi
4190153,AA10,Bacteria,Enterobacter kobei IB2020,QMT05927.1,ncbi
4196382,AA10,Bacteria,Streptomyces sp. NA13,WAC97833.1,ncbi
4195401,AA10,Bacteria,Streptomyces griseoviridis K61,QCN86104.1,ncbi
4193898,AA10,Bacteria,Pseudomonas sp. R76,QHD08208.1,ncbi
4192884,AA10,Bacteria,Pseudomonas aeruginosa 30-1,AMA11195.1,ncbi
4195414,AA10,Bacteria,Streptomyces halstedii JM8,AAC45430.1,ncbi
4197237,AA10,Bacteria,Vibrio cholerae MO10,QNE72607.1,ncbi
4191569,AA10,Bacteria,Listeria monocytogenes ATCC 19114,ALQ19002.1,ncbi
4194804,AA10,Bacteria,Stenotrophomonas sp. Pemsol,AYA92460.1,ncbi
4188318,AA10,Bacteria,Bacillus cereus S2-8,AJK33519.1,ncbi
4188426,AA10,Bacteria,Bacillus licheniformis P8_B2,QGI45811.1,ncbi
4194242,AA10,Bacteria,Serratia marcescens ICU-2,QLJ30537.1,ncbi
4193238,AA10,Bacteria,Pseudomonas chlororaphis ATCC 174152,WDH49431.1,ncbi
4189563,AA10,Bacteria,Burkholderia sp. MSMB617WGS,AOK45591.1,ncbi
4195211,AA10,Bacteria,Streptomyces coeruleorubidus WT-48,WOT36651.1,ncbi
4195566,AA10,Bacteria,Streptomyces lydicus WYEC 108,AZS72000.1,ncbi
4194205,AA10,Bacteria,Serratia marcescens AR_0124,AWC75700.1,ncbi
4197281,AA10,Bacteria,Vibrio cholerae PanChol,UIO90724.1,ncbi
4195563,AA10,Bacteria,Streptomyces lydicus M01,UEG90667.1,ncbi
4189585,AA10,Bacteria,Burkholderia thailandensis E444,AHI82198.1,ncbi
4195654,AA10,Bacteria,Streptomyces olivaceus B-81,WFB84116.1,ncbi
4191760,AA10,Viruses,Mamestra configurata nucleopolyhedrovirus B,QNH90680.1,ncbi
4195618,AA10,Bacteria,Streptomyces nigra 452,AWE53029.1,ncbi
4196269,AA10,Bacteria,Streptomyces sp. KY2,QNF54029.1,ncbi
4189341,AA10,Bacteria,Burkholderia mallei 2002734299,AJX02159.1,ncbi
4190738,AA10,Bacteria,Francisella orientalis FNO364,QEN43103.1,ncbi
4188700,AA10,Bacteria,Bacillus sp. N5-665 N5/665,UNK31425.1,ncbi
4192681,AA10,Bacteria,Providencia rettgeri YPR25,QNN31331.1,ncbi
4190374,AA10,Bacteria,Enterococcus faecium AALTL,AUO60316.1,ncbi
4197832,AA10,Bacteria,Yersinia pestis KIM10+,AAM84543.1,ncbi
4191567,AA10,Bacteria,Listeria monocytogenes 2015TE24968,AMR54906.1,ncbi
4193169,AA10,Bacteria,Pseudomonas aeruginosa YT12746,QKL15069.1,ncbi
4189089,AA10,Bacteria,Bacillus velezensis CBMB205,ARN87340.1,ncbi
4188338,AA10,Bacteria,Bacillus cereus ZB201708,AZV66678.1,ncbi
4191526,AA10,Bacteria,Lelliottia nimipressuralis SGAir0187,AVH17470.1,ncbi
4197060,AA10,Bacteria,Vibrio alginolyticus ZZV2,ULF85413.1,ncbi
4190540,AA10,Bacteria,Enterococcus hirae HDC14-2,QNG06162.1,ncbi
4190792,AA10,Bacteria,Francisella tularensis subsp. holarctica 2015321842,QXF55083.1,ncbi
4193311,AA10,Bacteria,Pseudomonas chlororaphis PA23,AIC22280.1,ncbi
4189922,AA10,Bacteria,Dactylosporangium aurantiacum NRRL B-8018,UWZ59493.1,ncbi
4191414,AA10,Bacteria,Latilactobacillus sakei CBA3614,QGL61635.1,ncbi
4195023,AA10,Bacteria,Streptomyces californicus FDAARGOS_1211,QRV42922.1,ncbi
4191978,AA10,Bacteria,Micromonospora sp. WMMD1076,WFF10083.1,ncbi
4188047,AA10,Bacteria,Bacillus anthracis PR09-4,ANR52927.1,ncbi
4193442,AA10,Bacteria,Pseudomonas chlororaphis subsp. piscium DTR133,AZC59460.1,ncbi
4188599,AA10,Bacteria,Bacillus paranthracis BCCL1,QRH05658.1,ncbi
4190509,AA10,Bacteria,Enterococcus hirae 13152,QKX70207.1,ncbi
4193827,AA10,Bacteria,Pseudomonas sp. FP2338,WLH87409.1,ncbi
4195063,AA10,Bacteria,Streptomyces chartreusis ATCC 14922,QEV69961.1,ncbi
4191502,AA10,Bacteria,Legionella pneumophila NCTC11404,SQG84345.1,ncbi
4197414,AA10,Bacteria,Vibrio harveyi 345,AWB02805.1,ncbi
4190502,AA10,Bacteria,Enterococcus faecium ZY11,QHQ83529.1,ncbi
4195913,AA10,Bacteria,Streptomyces sp. A144,UAX52342.1,ncbi
4196370,AA10,Bacteria,Streptomyces sp. NA03103,QKW64647.1,ncbi
4193214,AA10,Bacteria,Pseudomonas cerasi isolate PL963,SOS20260.1,ncbi
4197430,AA10,Bacteria,Vibrio harveyi WXL538,QFQ77289.1,ncbi
4189259,AA10,Bacteria,Brevibacillus laterosporus ZQ2,AUM63864.1,ncbi
4194598,AA10,Viruses,Spodoptera eridania nucleopolyhedrovirus,QNV47782.1,ncbi
4195812,AA10,Bacteria,Streptomyces rimosus WT5260,QDA07775.1,ncbi
4192693,AA10,Bacteria,Providencia sp. PROV024,WOC02289.1,ncbi
4187232,AA10,Bacteria,Actinoalloteichus sp. AHMU CJ021,AUS81741.1,ncbi
4195800,AA10,Bacteria,Streptomyces rimosus subsp. rimosus R7,UNZ05617.1,ncbi
4190906,AA10,Viruses,Helicoverpa SNPV AC53,WIV86089.1,ncbi
4188449,AA10,Bacteria,Bacillus mycoides BPN 08/1,QWI74636.1,ncbi
4195798,AA10,Bacteria,Streptomyces rimosus subsp. rimosus R7,UNZ05616.1,ncbi
4195519,AA10,Bacteria,Streptomyces lincolnensis B48,QMV10223.1,ncbi
4197452,AA10,Bacteria,Vibrio neptunius KCTC 12702,QXX06045.1,ncbi
4194501,AA10,Bacteria,Shewanella bicestrii JAB-1,ASK70273.1,ncbi
4192218,AA10,Bacteria,Nocardiopsis exhalans JCM11759T,USY20144.1,ncbi
4194788,AA10,Bacteria,Stenotrophomonas sp. BIO128-Bstrain,WIA61307.1,ncbi
4197382,AA10,Bacteria,Vibrio diabolicus LMG 3418,AVH28975.1,ncbi
4194256,AA10,Bacteria,Serratia marcescens N4-5,AXK25404.1,ncbi
4191957,AA10,Bacteria,Micromonospora sp. WMMA1998,WBC16702.1,ncbi
4192724,AA10,Bacteria,Providencia stuartii BE2467,APG50747.1,ncbi
4188181,AA10,Bacteria,Bacillus cereus BC-AK,ARO18514.1,ncbi
4191791,AA10,Bacteria,Microbulbifer sp. MI-G,WKD50994.1,ncbi
4187722,AA10,Bacteria,Amycolatopsis sp. DG1A-15b,WIX91885.1,ncbi
4191808,AA10,Bacteria,Microbulbifer thermotolerans HB226069,WKT60006.1,ncbi
4193398,AA10,Bacteria,Pseudomonas chlororaphis subsp. aureofaciens ChPhzS23,AZE16473.1,ncbi
4187208,AA10,Bacteria,Acinetobacter sp. C32I,USA54182.1,ncbi
4196648,AA10,Bacteria,Streptomyces sp. WA6-1-16,UCA48936.1,ncbi
4197836,AA10,Bacteria,Yersinia pestis M-1482,QPA94107.1,ncbi
4192945,AA10,Bacteria,Pseudomonas aeruginosa CMC-115,QIZ27790.1,ncbi
4197621,AA10,Bacteria,Vibrio sp. ABG19,WGY45817.1,ncbi
4194666,AA10,Bacteria,Stenotrophomonas maltophilia AB550,AWB80421.1,ncbi
4189586,AA10,Bacteria,Burkholderia thailandensis FDAARGOS_237,AVR07776.1,ncbi
4190866,AA10,Bacteria,Hahella sp. KA22,QAY55368.1,ncbi
4195756,AA10,Bacteria,Streptomyces rapamycinicus SRMK07,UTO68249.1,ncbi
4189727,AA10,Viruses,Choristoneura fumiferana entomopoxvirus,AAD10322.1,ncbi
4187696,AA10,Bacteria,Amycolatopsis pretoriensis FBCC-B4732,UOX92916.1,ncbi
4197588,AA10,Bacteria,Vibrio parahaemolyticus TJ-187,UJX05597.1,ncbi
4197135,AA10,Bacteria,Vibrio campbellii BoB-90,AUW05144.1,ncbi
4191557,AA10,Bacteria,Listeria innocua ZM39,UNB91844.1,ncbi
4188701,AA10,Bacteria,Bacillus sp. NP247,QWU45503.1,ncbi
4195986,AA10,Bacteria,Streptomyces sp. BB1-1-1,WND37390.1,ncbi
4196070,AA10,Bacteria,Streptomyces sp. CMB-StM0423,AUH40393.1,ncbi
4191471,AA10,Bacteria,Leclercia sp. 29361,QIK12335.1,ncbi
4193045,AA10,Bacteria,Pseudomonas aeruginosa NCTC13359,VTQ09110.1,ncbi
4188334,AA10,Bacteria,Bacillus cereus WPySW2,QJU34853.1,ncbi
4196192,AA10,Bacteria,Streptomyces sp. HUAS 15-9,UXY27773.1,ncbi
4192276,AA10,Bacteria,Paenibacillus chitinolyticus KCCM 41400,QAV18977.1,ncbi
4187361,AA10,Bacteria,Actinosynnema pretiosum subsp. pretiosum ATCC 31280,AXX29193.1,ncbi
4192327,AA10,Bacteria,Paenibacillus mucilaginosus PM12,WDM25256.1,ncbi
4188026,AA10,Bacteria,Bacillus anthracis Pasteur,AJH35409.1,ncbi
4196356,AA10,Bacteria,Streptomyces sp. NA02536,QKV98524.1,ncbi
4197319,AA10,Bacteria,Vibrio cholerae SP7G,QKU79950.1,ncbi
4194970,AA10,Bacteria,Streptomyces aureoverticillatus HN6,QIB46666.1,ncbi
4196229,AA10,Bacteria,Streptomyces sp. ITFR-21,WNI19664.1,ncbi
4189602,AA10,Bacteria,Burkholderia thailandensis USAMRU Malaysia #20,AIC89591.1,ncbi
4189920,AA10,Bacteria,Dactylosporangium aurantiacum NRRL B-8018,UWZ52648.1,ncbi
4189644,AA10,Bacteria,Cellulomonas palmilytica,UJP38856.1,ncbi
4188364,AA10,Bacteria,Bacillus cytotoxicus E8.1,QTR67068.1,ncbi
4193826,AA10,Bacteria,Pseudomonas sp. FP2335,WLH78927.1,ncbi
4190414,AA10,Bacteria,Enterococcus faecium Efaecium_ER04526.3A,AUI32992.1,ncbi
4190121,AA10,Bacteria,Enterobacter hormaechei subsp. steigerwaltii 34998,AKZ82698.1,ncbi
4194028,AA10,Bacteria,Pseudomonas thivervalensis PLM3,AXA61898.1,ncbi
4187874,AA10,Bacteria,Bacillus amyloliquefaciens 35M,QZY13501.1,ncbi
4194569,AA10,Bacteria,Solwaraspora sp. WMMA2059,WBC00317.1,ncbi
4193622,AA10,Bacteria,Pseudomonas mucidolens LMG 2223,SDU92404.1,ncbi
4190157,AA10,Bacteria,Enterobacter kobei STN0717-53,BBW20156.1,ncbi
4188270,AA10,Bacteria,Bacillus cereus FORC_086,QCT45109.1,ncbi
4190935,AA10,Bacteria,Janthinobacterium sp. CG23_2,CUI21891.1,ncbi
4187850,AA10,Bacteria,Arsenophonus nasoniae FIN,QBY44668.1,ncbi
4188938,AA10,Bacteria,Bacillus thuringiensis serovar konkukian S4,ACT20917.1,ncbi
4192431,AA10,Bacteria,Pediococcus acidilactici PB22,AZP90285.1,ncbi
4189488,AA10,Bacteria,Burkholderia pseudomallei MSHR346,AIP07086.1,ncbi
4191580,AA10,Bacteria,Listeria monocytogenes CFSAN023463,AKP39525.1,ncbi
4190203,AA10,Bacteria,Enterococcus durans KLDS6.0933,AKX86587.1,ncbi
4190467,AA10,Bacteria,Enterococcus faecium T110,AII39112.1,ncbi
4194285,AA10,Bacteria,Serratia marcescens UMH3,ASM08430.1,ncbi
4192990,AA10,Bacteria,Pseudomonas aeruginosa GIMC5015:PAKB6,AZP67800.1,ncbi
4193415,AA10,Bacteria,Pseudomonas chlororaphis subsp. aureofaciens DSM 6698,AZD92850.1,ncbi
4195277,AA10,Bacteria,Streptomyces durmitorensis MS405,UQT54882.1,ncbi
4196824,AA10,Bacteria,Streptomyces violascens YIM 100212,QLA59710.1,ncbi
4189511,AA10,Bacteria,Burkholderia pseudomallei MSHR668,AJX90057.1,ncbi
4189064,AA10,Bacteria,Bacillus velezensis,QCC36138.1,ncbi
4189478,AA10,Bacteria,Burkholderia pseudomallei MSHR1655,AIP05223.1,ncbi
4189903,AA10,Viruses,Cydia pomonella granulovirus,WOZ45694.1,ncbi
4187772,AA10,Viruses,Apis mellifera filamentous virus,AKY03262.2,ncbi
4197652,AA10,Bacteria,Vibrio sp. SCSIO 43153,USD53261.1,ncbi
4187311,AA10,Bacteria,Actinoplanes sp. N902-109,AGL18900.1,ncbi
4192057,AA10,Bacteria,Morganella morganii FAM24675,QXO61697.1,ncbi
4189131,AA10,Bacteria,Bacillus velezensis NJN-6,AKD29941.1,ncbi
4193286,AA10,Bacteria,Pseudomonas chlororaphis LMG 21630,SDT42931.1,ncbi
4191201,AA10,Bacteria,Lactiplantibacillus plantarum KLDS1.0386,QTF54598.1,ncbi
4193901,AA10,Bacteria,Pseudomonas sp. RtIB026,BCJ07556.1,ncbi
4191796,AA10,Bacteria,Microbulbifer sp. MKSA007,WNZ58140.1,ncbi
